Temperature (K)	Pressure (atm)	Density (kg/m3)	Volume (m3/kg)	Internal Energy (kJ/mol)	Enthalpy (kJ/mol)	Entropy (J/mol*K)	Cv (J/mol*K)	Cp (J/mol*K)	Sound Spd. (m/s)	Joule-Thomson (F/atm)	Viscosity (Pa*s)	Therm. Cond. (W/m*K)	Phase
216.59	1.0000	2.5130	0.39792	17.570	19.344	109.04	25.360	34.275	231.70	4.7530	1.0938e-05	0.010737	vapor
219.56	1.0000	2.4773	0.40366	17.646	19.446	109.51	25.474	34.358	233.20	4.5688	1.1085e-05	0.010935	vapor
222.54	1.0000	2.4427	0.40938	17.723	19.549	109.97	25.591	34.447	234.69	4.3951	1.1232e-05	0.011136	vapor
225.51	1.0000	2.4091	0.41510	17.800	19.651	110.43	25.711	34.540	236.16	4.2312	1.1378e-05	0.011338	vapor
228.48	1.0000	2.3764	0.42081	17.878	19.754	110.88	25.834	34.638	237.62	4.0764	1.1525e-05	0.011541	vapor
231.45	1.0000	2.3446	0.42651	17.955	19.857	111.33	25.959	34.739	239.06	3.9300	1.1671e-05	0.011745	vapor
234.43	1.0000	2.3138	0.43220	18.033	19.961	111.77	26.085	34.844	240.49	3.7914	1.1817e-05	0.011952	vapor
237.40	1.0000	2.2837	0.43788	18.112	20.064	112.21	26.213	34.952	241.91	3.6601	1.1963e-05	0.012159	vapor
240.37	1.0000	2.2545	0.44356	18.190	20.168	112.65	26.343	35.063	243.31	3.5355	1.2109e-05	0.012368	vapor
243.34	1.0000	2.2260	0.44924	18.269	20.273	113.08	26.473	35.176	244.70	3.4173	1.2255e-05	0.012578	vapor
246.32	1.0000	2.1983	0.45490	18.349	20.377	113.51	26.605	35.291	246.08	3.3050	1.2401e-05	0.012789	vapor
249.29	1.0000	2.1712	0.46056	18.429	20.483	113.93	26.737	35.408	247.45	3.1981	1.2546e-05	0.013001	vapor
252.26	1.0000	2.1449	0.46622	18.509	20.588	114.35	26.871	35.527	248.81	3.0964	1.2692e-05	0.013214	vapor
255.23	1.0000	2.1192	0.47187	18.590	20.694	114.77	27.004	35.647	250.16	2.9996	1.2837e-05	0.013429	vapor
258.20	1.0000	2.0941	0.47752	18.670	20.800	115.18	27.138	35.768	251.49	2.9073	1.2982e-05	0.013645	vapor
261.18	1.0000	2.0697	0.48317	18.752	20.906	115.59	27.273	35.890	252.82	2.8192	1.3127e-05	0.013861	vapor
264.15	1.0000	2.0458	0.48881	18.833	21.013	116.00	27.407	36.013	254.14	2.7351	1.3272e-05	0.014079	vapor
267.12	1.0000	2.0225	0.49444	18.916	21.120	116.40	27.542	36.137	255.45	2.6548	1.3417e-05	0.014298	vapor
270.09	1.0000	1.9997	0.50008	18.998	21.228	116.81	27.677	36.261	256.75	2.5780	1.3561e-05	0.014517	vapor
273.07	1.0000	1.9774	0.50571	19.081	21.336	117.20	27.811	36.386	258.04	2.5045	1.3705e-05	0.014738	vapor
276.04	1.0000	1.9557	0.51133	19.164	21.444	117.60	27.946	36.511	259.32	2.4342	1.3849e-05	0.014959	vapor
279.01	1.0000	1.9344	0.51696	19.248	21.553	117.99	28.080	36.637	260.60	2.3668	1.3993e-05	0.015182	vapor
281.98	1.0000	1.9136	0.52258	19.332	21.662	118.38	28.214	36.762	261.86	2.3023	1.4137e-05	0.015405	vapor
284.96	1.0000	1.8932	0.52820	19.416	21.772	118.76	28.347	36.888	263.12	2.2404	1.4280e-05	0.015629	vapor
287.93	1.0000	1.8733	0.53381	19.501	21.881	119.15	28.481	37.014	264.38	2.1810	1.4424e-05	0.015854	vapor
290.90	1.0000	1.8538	0.53943	19.586	21.992	119.53	28.614	37.140	265.62	2.1239	1.4567e-05	0.016079	vapor
293.87	1.0000	1.8347	0.54504	19.672	22.102	119.91	28.746	37.265	266.86	2.0691	1.4710e-05	0.016306	vapor
296.85	1.0000	1.8161	0.55065	19.758	22.213	120.28	28.878	37.391	268.09	2.0164	1.4852e-05	0.016533	vapor
299.82	1.0000	1.7977	0.55625	19.844	22.324	120.66	29.010	37.516	269.31	1.9657	1.4994e-05	0.016760	vapor
302.79	1.0000	1.7798	0.56186	19.931	22.436	121.03	29.141	37.641	270.52	1.9170	1.5137e-05	0.016989	vapor
305.76	1.0000	1.7622	0.56746	20.018	22.548	121.39	29.271	37.766	271.73	1.8700	1.5279e-05	0.017218	vapor
308.73	1.0000	1.7450	0.57306	20.105	22.661	121.76	29.401	37.890	272.94	1.8248	1.5420e-05	0.017448	vapor
311.71	1.0000	1.7281	0.57866	20.193	22.773	122.12	29.530	38.014	274.13	1.7812	1.5562e-05	0.017678	vapor
314.68	1.0000	1.7116	0.58426	20.281	22.887	122.49	29.659	38.138	275.32	1.7392	1.5703e-05	0.017909	vapor
317.65	1.0000	1.6953	0.58985	20.370	23.000	122.84	29.787	38.261	276.51	1.6987	1.5844e-05	0.018140	vapor
320.62	1.0000	1.6794	0.59545	20.459	23.114	123.20	29.914	38.384	277.69	1.6596	1.5984e-05	0.018372	vapor
323.60	1.0000	1.6638	0.60104	20.548	23.228	123.56	30.040	38.506	278.86	1.6218	1.6125e-05	0.018605	vapor
326.57	1.0000	1.6484	0.60663	20.638	23.343	123.91	30.166	38.628	280.03	1.5854	1.6265e-05	0.018838	vapor
329.54	1.0000	1.6334	0.61222	20.728	23.458	124.26	30.292	38.749	281.19	1.5501	1.6405e-05	0.019072	vapor
332.51	1.0000	1.6186	0.61781	20.818	23.573	124.61	30.416	38.870	282.34	1.5160	1.6544e-05	0.019306	vapor
335.49	1.0000	1.6041	0.62340	20.909	23.689	124.95	30.540	38.990	283.49	1.4831	1.6683e-05	0.019540	vapor
338.46	1.0000	1.5899	0.62899	21.000	23.805	125.30	30.663	39.110	284.64	1.4512	1.6822e-05	0.019776	vapor
341.43	1.0000	1.5759	0.63457	21.092	23.922	125.64	30.786	39.229	285.78	1.4204	1.6961e-05	0.020011	vapor
344.40	1.0000	1.5621	0.64015	21.184	24.038	125.98	30.907	39.347	286.91	1.3905	1.7100e-05	0.020247	vapor
347.38	1.0000	1.5486	0.64574	21.276	24.155	126.32	31.028	39.465	288.04	1.3616	1.7238e-05	0.020483	vapor
350.35	1.0000	1.5353	0.65132	21.369	24.273	126.66	31.149	39.582	289.17	1.3335	1.7376e-05	0.020720	vapor
353.32	1.0000	1.5223	0.65690	21.461	24.391	126.99	31.268	39.699	290.29	1.3064	1.7513e-05	0.020957	vapor
356.29	1.0000	1.5095	0.66248	21.555	24.509	127.33	31.387	39.815	291.40	1.2800	1.7651e-05	0.021194	vapor
359.26	1.0000	1.4969	0.66806	21.648	24.627	127.66	31.505	39.930	292.51	1.2544	1.7788e-05	0.021432	vapor
362.24	1.0000	1.4845	0.67364	21.742	24.746	127.99	31.622	40.045	293.62	1.2296	1.7924e-05	0.021670	vapor
365.21	1.0000	1.4723	0.67922	21.837	24.866	128.31	31.739	40.159	294.72	1.2056	1.8061e-05	0.021909	vapor
368.18	1.0000	1.4603	0.68479	21.931	24.985	128.64	31.855	40.272	295.81	1.1822	1.8197e-05	0.022147	vapor
371.15	1.0000	1.4485	0.69037	22.026	25.105	128.96	31.970	40.385	296.90	1.1595	1.8333e-05	0.022386	vapor
374.13	1.0000	1.4369	0.69594	22.122	25.225	129.29	32.085	40.497	297.99	1.1374	1.8468e-05	0.022626	vapor
377.10	1.0000	1.4255	0.70152	22.217	25.346	129.61	32.198	40.609	299.07	1.1160	1.8604e-05	0.022865	vapor
380.07	1.0000	1.4142	0.70709	22.313	25.467	129.93	32.311	40.720	300.15	1.0952	1.8738e-05	0.023105	vapor
383.04	1.0000	1.4032	0.71266	22.410	25.588	130.24	32.424	40.830	301.23	1.0749	1.8873e-05	0.023345	vapor
386.02	1.0000	1.3923	0.71824	22.506	25.709	130.56	32.535	40.940	302.30	1.0552	1.9007e-05	0.023585	vapor
388.99	1.0000	1.3816	0.72381	22.603	25.831	130.87	32.646	41.049	303.36	1.0360	1.9141e-05	0.023826	vapor
391.96	1.0000	1.3710	0.72938	22.701	25.953	131.19	32.757	41.157	304.42	1.0173	1.9275e-05	0.024066	vapor
394.93	1.0000	1.3606	0.73495	22.798	26.076	131.50	32.866	41.265	305.48	0.99915	1.9409e-05	0.024307	vapor
397.91	1.0000	1.3504	0.74052	22.896	26.199	131.81	32.975	41.372	306.54	0.98145	1.9542e-05	0.024548	vapor
400.88	1.0000	1.3403	0.74609	22.995	26.322	132.12	33.083	41.478	307.59	0.96421	1.9674e-05	0.024790	vapor
403.85	1.0000	1.3304	0.75166	23.093	26.445	132.42	33.191	41.584	308.63	0.94742	1.9807e-05	0.025031	vapor
406.82	1.0000	1.3206	0.75723	23.192	26.569	132.73	33.297	41.689	309.67	0.93105	1.9939e-05	0.025273	vapor
409.79	1.0000	1.3110	0.76279	23.291	26.693	133.03	33.403	41.794	310.71	0.91509	2.0071e-05	0.025514	vapor
412.77	1.0000	1.3015	0.76836	23.391	26.817	133.34	33.509	41.898	311.75	0.89953	2.0202e-05	0.025756	vapor
415.74	1.0000	1.2921	0.77393	23.491	26.942	133.64	33.614	42.001	312.78	0.88436	2.0334e-05	0.025998	vapor
418.71	1.0000	1.2829	0.77949	23.591	27.067	133.94	33.718	42.104	313.80	0.86955	2.0464e-05	0.026240	vapor
421.68	1.0000	1.2738	0.78506	23.692	27.192	134.23	33.821	42.206	314.83	0.85511	2.0595e-05	0.026482	vapor
424.66	1.0000	1.2648	0.79062	23.792	27.318	134.53	33.924	42.307	315.85	0.84101	2.0725e-05	0.026725	vapor
427.63	1.0000	1.2560	0.79619	23.893	27.444	134.83	34.026	42.408	316.86	0.82725	2.0855e-05	0.026967	vapor
430.60	1.0000	1.2473	0.80175	23.995	27.570	135.12	34.128	42.509	317.88	0.81382	2.0985e-05	0.027210	vapor
433.57	1.0000	1.2387	0.80732	24.097	27.697	135.41	34.229	42.608	318.89	0.80069	2.1114e-05	0.027452	vapor
436.55	1.0000	1.2302	0.81288	24.199	27.823	135.70	34.329	42.707	319.89	0.78788	2.1243e-05	0.027695	vapor
439.52	1.0000	1.2218	0.81844	24.301	27.950	135.99	34.429	42.806	320.90	0.77535	2.1372e-05	0.027938	vapor
442.49	1.0000	1.2136	0.82401	24.403	28.078	136.28	34.528	42.904	321.90	0.76311	2.1500e-05	0.028180	vapor
445.46	1.0000	1.2054	0.82957	24.506	28.206	136.57	34.626	43.001	322.89	0.75115	2.1628e-05	0.028423	vapor
448.44	1.0000	1.1974	0.83513	24.609	28.333	136.86	34.724	43.098	323.88	0.73945	2.1756e-05	0.028666	vapor
451.41	1.0000	1.1895	0.84069	24.713	28.462	137.14	34.821	43.194	324.87	0.72802	2.1884e-05	0.028909	vapor
454.38	1.0000	1.1817	0.84625	24.817	28.590	137.43	34.918	43.290	325.86	0.71683	2.2011e-05	0.029151	vapor
457.35	1.0000	1.1740	0.85181	24.921	28.719	137.71	35.014	43.385	326.84	0.70589	2.2138e-05	0.029394	vapor
460.32	1.0000	1.1664	0.85737	25.025	28.848	137.99	35.110	43.480	327.82	0.69519	2.2264e-05	0.029637	vapor
463.30	1.0000	1.1588	0.86293	25.129	28.978	138.27	35.205	43.574	328.80	0.68471	2.2390e-05	0.029880	vapor
466.27	1.0000	1.1514	0.86849	25.234	29.107	138.55	35.299	43.667	329.77	0.67446	2.2516e-05	0.030123	vapor
469.24	1.0000	1.1441	0.87405	25.339	29.237	138.83	35.393	43.760	330.75	0.66443	2.2642e-05	0.030366	vapor
472.21	1.0000	1.1369	0.87961	25.445	29.367	139.10	35.486	43.852	331.71	0.65460	2.2767e-05	0.030609	vapor
475.19	1.0000	1.1297	0.88517	25.551	29.498	139.38	35.579	43.944	332.68	0.64498	2.2892e-05	0.030851	vapor
478.16	1.0000	1.1227	0.89073	25.657	29.629	139.65	35.671	44.035	333.64	0.63555	2.3017e-05	0.031094	vapor
481.13	1.0000	1.1157	0.89629	25.763	29.760	139.93	35.762	44.126	334.60	0.62632	2.3141e-05	0.031337	vapor
484.10	1.0000	1.1088	0.90185	25.869	29.891	140.20	35.853	44.216	335.55	0.61728	2.3265e-05	0.031580	vapor
487.08	1.0000	1.1020	0.90741	25.976	30.022	140.47	35.944	44.306	336.51	0.60841	2.3389e-05	0.031822	vapor
490.05	1.0000	1.0953	0.91296	26.083	30.154	140.74	36.034	44.395	337.46	0.59973	2.3512e-05	0.032065	vapor
493.02	1.0000	1.0887	0.91852	26.190	30.286	141.01	36.123	44.484	338.41	0.59121	2.3636e-05	0.032307	vapor
495.99	1.0000	1.0822	0.92408	26.298	30.419	141.28	36.212	44.572	339.35	0.58286	2.3758e-05	0.032550	vapor
498.96	1.0000	1.0757	0.92964	26.406	30.551	141.54	36.300	44.660	340.29	0.57468	2.3881e-05	0.032792	vapor
501.94	1.0000	1.0693	0.93519	26.514	30.684	141.81	36.388	44.747	341.23	0.56665	2.4003e-05	0.033035	vapor
504.91	1.0000	1.0630	0.94075	26.622	30.817	142.07	36.476	44.833	342.17	0.55877	2.4125e-05	0.033277	vapor
507.88	1.0000	1.0567	0.94631	26.731	30.951	142.34	36.562	44.920	343.10	0.55105	2.4247e-05	0.033519	vapor
510.85	1.0000	1.0506	0.95186	26.840	31.084	142.60	36.649	45.005	344.03	0.54347	2.4368e-05	0.033761	vapor
513.83	1.0000	1.0445	0.95742	26.949	31.218	142.86	36.735	45.090	344.96	0.53604	2.4489e-05	0.034003	vapor
516.80	1.0000	1.0385	0.96297	27.058	31.352	143.12	36.820	45.175	345.89	0.52874	2.4610e-05	0.034245	vapor
519.77	1.0000	1.0325	0.96853	27.168	31.487	143.38	36.905	45.259	346.81	0.52158	2.4731e-05	0.034487	vapor
522.74	1.0000	1.0266	0.97408	27.278	31.621	143.64	36.989	45.343	347.73	0.51454	2.4851e-05	0.034728	vapor
525.72	1.0000	1.0208	0.97964	27.388	31.756	143.89	37.073	45.426	348.65	0.50764	2.4971e-05	0.034970	vapor
528.69	1.0000	1.0150	0.98519	27.498	31.892	144.15	37.156	45.509	349.57	0.50086	2.5090e-05	0.035211	vapor
531.66	1.0000	1.0093	0.99075	27.609	32.027	144.41	37.239	45.592	350.48	0.49421	2.5209e-05	0.035453	vapor
534.63	1.0000	1.0037	0.99630	27.720	32.163	144.66	37.322	45.674	351.39	0.48767	2.5329e-05	0.035694	vapor
537.61	1.0000	0.99815	1.0019	27.831	32.298	144.91	37.404	45.755	352.30	0.48124	2.5447e-05	0.035935	vapor
540.58	1.0000	0.99264	1.0074	27.942	32.435	145.17	37.485	45.836	353.20	0.47494	2.5566e-05	0.036176	vapor
543.55	1.0000	0.98720	1.0130	28.054	32.571	145.42	37.566	45.917	354.11	0.46874	2.5684e-05	0.036417	vapor
546.52	1.0000	0.98182	1.0185	28.166	32.707	145.67	37.647	45.997	355.01	0.46264	2.5802e-05	0.036657	vapor
549.49	1.0000	0.97649	1.0241	28.278	32.844	145.92	37.727	46.076	355.91	0.45666	2.5919e-05	0.036898	vapor
552.47	1.0000	0.97123	1.0296	28.390	32.981	146.17	37.807	46.156	356.80	0.45077	2.6037e-05	0.037138	vapor
555.44	1.0000	0.96602	1.0352	28.503	33.119	146.42	37.886	46.234	357.70	0.44499	2.6154e-05	0.037379	vapor
558.41	1.0000	0.96086	1.0407	28.615	33.256	146.66	37.965	46.313	358.59	0.43930	2.6270e-05	0.037619	vapor
561.38	1.0000	0.95576	1.0463	28.728	33.394	146.91	38.043	46.391	359.48	0.43371	2.6387e-05	0.037859	vapor
564.36	1.0000	0.95072	1.0518	28.842	33.532	147.15	38.121	46.468	360.36	0.42821	2.6503e-05	0.038098	vapor
567.33	1.0000	0.94572	1.0574	28.955	33.670	147.40	38.199	46.545	361.25	0.42280	2.6619e-05	0.038338	vapor
570.30	1.0000	0.94078	1.0629	29.069	33.809	147.64	38.276	46.622	362.13	0.41748	2.6735e-05	0.038577	vapor
573.27	1.0000	0.93589	1.0685	29.183	33.947	147.88	38.352	46.698	363.01	0.41225	2.6850e-05	0.038817	vapor
576.25	1.0000	0.93106	1.0741	29.297	34.086	148.13	38.429	46.774	363.89	0.40710	2.6965e-05	0.039056	vapor
579.22	1.0000	0.92627	1.0796	29.411	34.225	148.37	38.504	46.849	364.76	0.40203	2.7080e-05	0.039295	vapor
582.19	1.0000	0.92153	1.0852	29.526	34.365	148.61	38.580	46.924	365.64	0.39705	2.7195e-05	0.039534	vapor
585.16	1.0000	0.91684	1.0907	29.641	34.504	148.85	38.655	46.999	366.51	0.39214	2.7309e-05	0.039772	vapor
588.14	1.0000	0.91219	1.0963	29.756	34.644	149.08	38.729	47.073	367.38	0.38732	2.7423e-05	0.040011	vapor
591.11	1.0000	0.90760	1.1018	29.871	34.784	149.32	38.803	47.147	368.25	0.38257	2.7537e-05	0.040249	vapor
594.08	1.0000	0.90305	1.1074	29.986	34.924	149.56	38.877	47.220	369.11	0.37789	2.7650e-05	0.040487	vapor
597.05	1.0000	0.89854	1.1129	30.102	35.065	149.79	38.950	47.293	369.97	0.37328	2.7763e-05	0.040725	vapor
600.02	1.0000	0.89408	1.1185	30.218	35.206	150.03	39.023	47.366	370.83	0.36875	2.7876e-05	0.040962	vapor
603.00	1.0000	0.88967	1.1240	30.334	35.347	150.26	39.096	47.438	371.69	0.36429	2.7989e-05	0.041200	vapor
605.97	1.0000	0.88530	1.1296	30.451	35.488	150.50	39.168	47.510	372.55	0.35989	2.8102e-05	0.041437	vapor
608.94	1.0000	0.88097	1.1351	30.567	35.629	150.73	39.240	47.581	373.41	0.35556	2.8214e-05	0.041674	vapor
611.91	1.0000	0.87668	1.1407	30.684	35.770	150.96	39.311	47.652	374.26	0.35129	2.8326e-05	0.041911	vapor
614.89	1.0000	0.87243	1.1462	30.801	35.912	151.19	39.382	47.723	375.11	0.34709	2.8437e-05	0.042148	vapor
617.86	1.0000	0.86823	1.1518	30.918	36.054	151.42	39.453	47.793	375.96	0.34296	2.8549e-05	0.042384	vapor
620.83	1.0000	0.86406	1.1573	31.036	36.196	151.65	39.523	47.863	376.80	0.33888	2.8660e-05	0.042621	vapor
623.80	1.0000	0.85994	1.1629	31.153	36.339	151.88	39.593	47.933	377.65	0.33486	2.8771e-05	0.042857	vapor
626.78	1.0000	0.85586	1.1684	31.271	36.481	152.11	39.662	48.002	378.49	0.33090	2.8882e-05	0.043093	vapor
629.75	1.0000	0.85181	1.1740	31.389	36.624	152.34	39.731	48.071	379.33	0.32700	2.8992e-05	0.043328	vapor
632.72	1.0000	0.84780	1.1795	31.507	36.767	152.56	39.800	48.139	380.17	0.32316	2.9102e-05	0.043564	vapor
635.69	1.0000	0.84383	1.1851	31.626	36.910	152.79	39.868	48.207	381.01	0.31937	2.9212e-05	0.043799	vapor
638.67	1.0000	0.83990	1.1906	31.744	37.054	153.01	39.936	48.275	381.84	0.31563	2.9322e-05	0.044034	vapor
641.64	1.0000	0.83600	1.1962	31.863	37.197	153.24	40.004	48.342	382.68	0.31195	2.9431e-05	0.044269	vapor
644.61	1.0000	0.83214	1.2017	31.982	37.341	153.46	40.071	48.409	383.51	0.30832	2.9540e-05	0.044503	vapor
647.58	1.0000	0.82831	1.2073	32.101	37.485	153.68	40.138	48.476	384.34	0.30474	2.9649e-05	0.044738	vapor
650.55	1.0000	0.82452	1.2128	32.221	37.629	153.91	40.204	48.542	385.17	0.30121	2.9758e-05	0.044972	vapor
653.53	1.0000	0.82077	1.2184	32.340	37.774	154.13	40.271	48.608	385.99	0.29773	2.9867e-05	0.045206	vapor
656.50	1.0000	0.81705	1.2239	32.460	37.918	154.35	40.336	48.673	386.82	0.29429	2.9975e-05	0.045439	vapor
659.47	1.0000	0.81336	1.2295	32.580	38.063	154.57	40.402	48.738	387.64	0.29091	3.0083e-05	0.045673	vapor
662.44	1.0000	0.80970	1.2350	32.701	38.208	154.79	40.467	48.803	388.46	0.28757	3.0191e-05	0.045906	vapor
665.42	1.0000	0.80608	1.2406	32.821	38.353	155.01	40.532	48.868	389.28	0.28428	3.0298e-05	0.046139	vapor
668.39	1.0000	0.80249	1.2461	32.942	38.498	155.22	40.596	48.932	390.10	0.28103	3.0406e-05	0.046372	vapor
671.36	1.0000	0.79893	1.2517	33.062	38.644	155.44	40.660	48.996	390.91	0.27782	3.0513e-05	0.046605	vapor
674.33	1.0000	0.79541	1.2572	33.183	38.790	155.66	40.724	49.059	391.73	0.27466	3.0620e-05	0.046837	vapor
677.31	1.0000	0.79191	1.2628	33.305	38.936	155.87	40.787	49.122	392.54	0.27154	3.0726e-05	0.047069	vapor
680.28	1.0000	0.78845	1.2683	33.426	39.082	156.09	40.850	49.185	393.35	0.26846	3.0833e-05	0.047301	vapor
683.25	1.0000	0.78501	1.2739	33.547	39.228	156.30	40.913	49.248	394.16	0.26542	3.0939e-05	0.047533	vapor
686.22	1.0000	0.78161	1.2794	33.669	39.374	156.52	40.975	49.310	394.96	0.26242	3.1045e-05	0.047764	vapor
689.20	1.0000	0.77823	1.2850	33.791	39.521	156.73	41.037	49.372	395.77	0.25946	3.1150e-05	0.047995	vapor
692.17	1.0000	0.77489	1.2905	33.913	39.668	156.94	41.099	49.433	396.57	0.25653	3.1256e-05	0.048226	vapor
695.14	1.0000	0.77157	1.2961	34.035	39.815	157.16	41.160	49.494	397.37	0.25365	3.1361e-05	0.048457	vapor
698.11	1.0000	0.76828	1.3016	34.158	39.962	157.37	41.221	49.555	398.17	0.25080	3.1466e-05	0.048687	vapor
701.08	1.0000	0.76502	1.3072	34.281	40.110	157.58	41.282	49.616	398.97	0.24799	3.1571e-05	0.048917	vapor
704.06	1.0000	0.76179	1.3127	34.403	40.257	157.79	41.342	49.676	399.77	0.24521	3.1676e-05	0.049147	vapor
707.03	1.0000	0.75858	1.3183	34.526	40.405	158.00	41.403	49.736	400.56	0.24247	3.1780e-05	0.049377	vapor
710.00	1.0000	0.75540	1.3238	34.650	40.553	158.21	41.462	49.795	401.36	0.23976	3.1884e-05	0.049607	vapor
712.97	1.0000	0.75225	1.3293	34.773	40.701	158.41	41.522	49.854	402.15	0.23709	3.1988e-05	0.049836	vapor
715.95	1.0000	0.74912	1.3349	34.896	40.849	158.62	41.581	49.913	402.94	0.23445	3.2092e-05	0.050065	vapor
718.92	1.0000	0.74602	1.3404	35.020	40.998	158.83	41.640	49.972	403.73	0.23185	3.2196e-05	0.050293	vapor
721.89	1.0000	0.74295	1.3460	35.144	41.146	159.03	41.698	50.030	404.52	0.22927	3.2299e-05	0.050522	vapor
724.86	1.0000	0.73990	1.3515	35.268	41.295	159.24	41.756	50.088	405.30	0.22673	3.2402e-05	0.050750	vapor
727.84	1.0000	0.73687	1.3571	35.392	41.444	159.45	41.814	50.146	406.09	0.22421	3.2505e-05	0.050978	vapor
730.81	1.0000	0.73387	1.3626	35.517	41.593	159.65	41.872	50.203	406.87	0.22173	3.2608e-05	0.051206	vapor
733.78	1.0000	0.73090	1.3682	35.641	41.742	159.85	41.929	50.260	407.65	0.21928	3.2710e-05	0.051434	vapor
736.75	1.0000	0.72794	1.3737	35.766	41.892	160.06	41.986	50.317	408.43	0.21686	3.2813e-05	0.051661	vapor
739.73	1.0000	0.72502	1.3793	35.891	42.042	160.26	42.042	50.374	409.21	0.21446	3.2915e-05	0.051888	vapor
742.70	1.0000	0.72211	1.3848	36.016	42.191	160.46	42.099	50.430	409.99	0.21210	3.3017e-05	0.052115	vapor
745.67	1.0000	0.71923	1.3904	36.141	42.341	160.66	42.155	50.486	410.76	0.20976	3.3118e-05	0.052341	vapor
748.64	1.0000	0.71637	1.3959	36.267	42.491	160.86	42.211	50.541	411.54	0.20745	3.3220e-05	0.052567	vapor
751.61	1.0000	0.71354	1.4015	36.392	42.642	161.07	42.266	50.597	412.31	0.20517	3.3321e-05	0.052793	vapor
754.59	1.0000	0.71072	1.4070	36.518	42.792	161.26	42.321	50.652	413.08	0.20291	3.3422e-05	0.053019	vapor
757.56	1.0000	0.70793	1.4126	36.644	42.943	161.46	42.376	50.706	413.85	0.20068	3.3523e-05	0.053245	vapor
760.53	1.0000	0.70516	1.4181	36.770	43.094	161.66	42.431	50.761	414.62	0.19848	3.3624e-05	0.053470	vapor
763.50	1.0000	0.70242	1.4237	36.896	43.245	161.86	42.485	50.815	415.39	0.19630	3.3724e-05	0.053695	vapor
766.48	1.0000	0.69969	1.4292	37.023	43.396	162.06	42.539	50.869	416.15	0.19414	3.3825e-05	0.053920	vapor
769.45	1.0000	0.69698	1.4348	37.149	43.547	162.26	42.593	50.922	416.91	0.19201	3.3925e-05	0.054144	vapor
772.42	1.0000	0.69430	1.4403	37.276	43.698	162.45	42.646	50.976	417.68	0.18991	3.4025e-05	0.054368	vapor
775.39	1.0000	0.69164	1.4458	37.403	43.850	162.65	42.699	51.029	418.44	0.18783	3.4125e-05	0.054592	vapor
778.37	1.0000	0.68899	1.4514	37.530	44.002	162.84	42.752	51.081	419.20	0.18577	3.4224e-05	0.054816	vapor
781.34	1.0000	0.68637	1.4569	37.657	44.154	163.04	42.805	51.134	419.96	0.18373	3.4323e-05	0.055040	vapor
784.31	1.0000	0.68377	1.4625	37.784	44.306	163.23	42.857	51.186	420.71	0.18172	3.4423e-05	0.055263	vapor
787.28	1.0000	0.68118	1.4680	37.912	44.458	163.43	42.909	51.238	421.47	0.17973	3.4522e-05	0.055486	vapor
790.25	1.0000	0.67862	1.4736	38.039	44.610	163.62	42.961	51.289	422.22	0.17776	3.4620e-05	0.055709	vapor
793.23	1.0000	0.67607	1.4791	38.167	44.763	163.81	43.012	51.341	422.98	0.17581	3.4719e-05	0.055931	vapor
796.20	1.0000	0.67355	1.4847	38.295	44.916	164.00	43.063	51.392	423.73	0.17389	3.4818e-05	0.056153	vapor
799.17	1.0000	0.67104	1.4902	38.423	45.068	164.20	43.114	51.442	424.48	0.17198	3.4916e-05	0.056375	vapor
802.14	1.0000	0.66855	1.4958	38.551	45.221	164.39	43.165	51.493	425.23	0.17010	3.5014e-05	0.056597	vapor
805.12	1.0000	0.66608	1.5013	38.680	45.375	164.58	43.215	51.543	425.97	0.16824	3.5112e-05	0.056818	vapor
808.09	1.0000	0.66363	1.5069	38.808	45.528	164.77	43.265	51.593	426.72	0.16639	3.5210e-05	0.057039	vapor
811.06	1.0000	0.66120	1.5124	38.937	45.681	164.96	43.315	51.643	427.46	0.16457	3.5307e-05	0.057260	vapor
814.03	1.0000	0.65878	1.5180	39.066	45.835	165.15	43.365	51.692	428.21	0.16276	3.5404e-05	0.057481	vapor
817.01	1.0000	0.65638	1.5235	39.195	45.989	165.33	43.414	51.742	428.95	0.16098	3.5502e-05	0.057701	vapor
819.98	1.0000	0.65400	1.5290	39.324	46.142	165.52	43.463	51.791	429.69	0.15921	3.5599e-05	0.057922	vapor
822.95	1.0000	0.65164	1.5346	39.453	46.296	165.71	43.512	51.839	430.43	0.15746	3.5696e-05	0.058141	vapor
825.92	1.0000	0.64929	1.5401	39.583	46.451	165.90	43.560	51.888	431.17	0.15573	3.5792e-05	0.058361	vapor
828.90	1.0000	0.64696	1.5457	39.712	46.605	166.08	43.609	51.936	431.91	0.15402	3.5889e-05	0.058581	vapor
831.87	1.0000	0.64465	1.5512	39.842	46.759	166.27	43.657	51.984	432.64	0.15233	3.5985e-05	0.058800	vapor
834.84	1.0000	0.64235	1.5568	39.972	46.914	166.45	43.705	52.032	433.38	0.15065	3.6081e-05	0.059018	vapor
837.81	1.0000	0.64007	1.5623	40.102	47.069	166.64	43.752	52.079	434.11	0.14899	3.6177e-05	0.059237	vapor
840.78	1.0000	0.63781	1.5679	40.232	47.223	166.82	43.799	52.126	434.84	0.14735	3.6273e-05	0.059455	vapor
843.76	1.0000	0.63556	1.5734	40.362	47.378	167.01	43.846	52.173	435.58	0.14572	3.6369e-05	0.059674	vapor
846.73	1.0000	0.63333	1.5790	40.493	47.534	167.19	43.893	52.220	436.31	0.14411	3.6464e-05	0.059891	vapor
849.70	1.0000	0.63111	1.5845	40.623	47.689	167.37	43.940	52.266	437.03	0.14252	3.6559e-05	0.060109	vapor
852.67	1.0000	0.62891	1.5901	40.754	47.844	167.56	43.986	52.312	437.76	0.14094	3.6655e-05	0.060326	vapor
855.65	1.0000	0.62672	1.5956	40.885	48.000	167.74	44.032	52.358	438.49	0.13938	3.6750e-05	0.060543	vapor
858.62	1.0000	0.62455	1.6011	41.016	48.156	167.92	44.078	52.404	439.21	0.13784	3.6844e-05	0.060760	vapor
861.59	1.0000	0.62240	1.6067	41.147	48.311	168.10	44.123	52.449	439.94	0.13631	3.6939e-05	0.060977	vapor
864.56	1.0000	0.62026	1.6122	41.278	48.467	168.28	44.169	52.495	440.66	0.13479	3.7034e-05	0.061193	vapor
867.54	1.0000	0.61813	1.6178	41.409	48.623	168.46	44.214	52.540	441.38	0.13329	3.7128e-05	0.061409	vapor
870.51	1.0000	0.61602	1.6233	41.541	48.780	168.64	44.259	52.584	442.10	0.13181	3.7222e-05	0.061625	vapor
873.48	1.0000	0.61392	1.6289	41.672	48.936	168.82	44.303	52.629	442.82	0.13034	3.7316e-05	0.061840	vapor
876.45	1.0000	0.61184	1.6344	41.804	49.093	169.00	44.348	52.673	443.54	0.12888	3.7410e-05	0.062056	vapor
879.43	1.0000	0.60977	1.6400	41.936	49.249	169.18	44.392	52.717	444.26	0.12744	3.7504e-05	0.062271	vapor
882.40	1.0000	0.60771	1.6455	42.068	49.406	169.36	44.436	52.761	444.97	0.12601	3.7597e-05	0.062485	vapor
885.37	1.0000	0.60567	1.6511	42.200	49.563	169.53	44.479	52.805	445.69	0.12460	3.7691e-05	0.062700	vapor
888.34	1.0000	0.60364	1.6566	42.333	49.720	169.71	44.523	52.848	446.40	0.12319	3.7784e-05	0.062914	vapor
891.31	1.0000	0.60163	1.6621	42.465	49.877	169.89	44.566	52.891	447.11	0.12181	3.7877e-05	0.063128	vapor
894.29	1.0000	0.59963	1.6677	42.598	50.034	170.06	44.609	52.934	447.82	0.12043	3.7970e-05	0.063342	vapor
897.26	1.0000	0.59764	1.6732	42.730	50.192	170.24	44.652	52.977	448.53	0.11907	3.8063e-05	0.063555	vapor
900.23	1.0000	0.59567	1.6788	42.863	50.349	170.42	44.694	53.019	449.24	0.11772	3.8155e-05	0.063769	vapor
903.20	1.0000	0.59371	1.6843	42.996	50.507	170.59	44.736	53.061	449.95	0.11639	3.8248e-05	0.063982	vapor
906.18	1.0000	0.59176	1.6899	43.129	50.665	170.76	44.779	53.103	450.66	0.11506	3.8340e-05	0.064194	vapor
909.15	1.0000	0.58982	1.6954	43.262	50.823	170.94	44.820	53.145	451.36	0.11375	3.8432e-05	0.064407	vapor
912.12	1.0000	0.58790	1.7010	43.395	50.981	171.11	44.862	53.187	452.07	0.11245	3.8524e-05	0.064619	vapor
915.09	1.0000	0.58599	1.7065	43.529	51.139	171.29	44.903	53.228	452.77	0.11116	3.8616e-05	0.064831	vapor
918.07	1.0000	0.58409	1.7121	43.662	51.297	171.46	44.945	53.269	453.47	0.10989	3.8708e-05	0.065043	vapor
921.04	1.0000	0.58221	1.7176	43.796	51.455	171.63	44.986	53.310	454.18	0.10863	3.8800e-05	0.065254	vapor
924.01	1.0000	0.58033	1.7231	43.930	51.614	171.80	45.026	53.351	454.88	0.10737	3.8891e-05	0.065465	vapor
926.98	1.0000	0.57847	1.7287	44.064	51.773	171.97	45.067	53.391	455.58	0.10613	3.8982e-05	0.065676	vapor
929.96	1.0000	0.57662	1.7342	44.198	51.931	172.14	45.107	53.431	456.27	0.10490	3.9074e-05	0.065887	vapor
932.93	1.0000	0.57478	1.7398	44.332	52.090	172.32	45.147	53.472	456.97	0.10369	3.9165e-05	0.066097	vapor
935.90	1.0000	0.57296	1.7453	44.466	52.249	172.49	45.187	53.511	457.67	0.10248	3.9256e-05	0.066308	vapor
938.87	1.0000	0.57114	1.7509	44.601	52.408	172.66	45.227	53.551	458.36	0.10128	3.9346e-05	0.066518	vapor
941.84	1.0000	0.56934	1.7564	44.735	52.568	172.82	45.267	53.590	459.06	0.10010	3.9437e-05	0.066727	vapor
944.82	1.0000	0.56755	1.7620	44.870	52.727	172.99	45.306	53.630	459.75	0.098921	3.9527e-05	0.066937	vapor
947.79	1.0000	0.56577	1.7675	45.005	52.886	173.16	45.345	53.669	460.44	0.097756	3.9618e-05	0.067146	vapor
950.76	1.0000	0.56400	1.7731	45.139	53.046	173.33	45.384	53.708	461.13	0.096601	3.9708e-05	0.067355	vapor
953.73	1.0000	0.56224	1.7786	45.274	53.206	173.50	45.423	53.746	461.82	0.095457	3.9798e-05	0.067564	vapor
956.71	1.0000	0.56049	1.7841	45.409	53.365	173.67	45.461	53.785	462.51	0.094323	3.9888e-05	0.067772	vapor
959.68	1.0000	0.55876	1.7897	45.545	53.525	173.83	45.499	53.823	463.20	0.093198	3.9978e-05	0.067980	vapor
962.65	1.0000	0.55703	1.7952	45.680	53.685	174.00	45.538	53.861	463.89	0.092084	4.0067e-05	0.068188	vapor
965.62	1.0000	0.55531	1.8008	45.815	53.846	174.16	45.575	53.899	464.57	0.090979	4.0157e-05	0.068396	vapor
968.60	1.0000	0.55361	1.8063	45.951	54.006	174.33	45.613	53.936	465.26	0.089883	4.0246e-05	0.068603	vapor
971.57	1.0000	0.55192	1.8119	46.087	54.166	174.50	45.651	53.974	465.94	0.088797	4.0335e-05	0.068810	vapor
974.54	1.0000	0.55023	1.8174	46.222	54.327	174.66	45.688	54.011	466.62	0.087720	4.0424e-05	0.069017	vapor
977.51	1.0000	0.54856	1.8230	46.358	54.487	174.83	45.725	54.048	467.31	0.086653	4.0513e-05	0.069224	vapor
980.49	1.0000	0.54689	1.8285	46.494	54.648	174.99	45.762	54.085	467.99	0.085595	4.0602e-05	0.069431	vapor
983.46	1.0000	0.54524	1.8341	46.630	54.809	175.15	45.799	54.122	468.67	0.084545	4.0691e-05	0.069637	vapor
986.43	1.0000	0.54360	1.8396	46.766	54.970	175.32	45.835	54.158	469.35	0.083504	4.0780e-05	0.069843	vapor
989.40	1.0000	0.54196	1.8451	46.903	55.131	175.48	45.872	54.194	470.03	0.082473	4.0868e-05	0.070048	vapor
992.37	1.0000	0.54034	1.8507	47.039	55.292	175.64	45.908	54.230	470.70	0.081449	4.0956e-05	0.070254	vapor
995.35	1.0000	0.53873	1.8562	47.176	55.453	175.80	45.944	54.266	471.38	0.080435	4.1045e-05	0.070459	vapor
998.32	1.0000	0.53712	1.8618	47.312	55.614	175.97	45.979	54.302	472.05	0.079429	4.1133e-05	0.070664	vapor
1001.3	1.0000	0.53553	1.8673	47.449	55.776	176.13	46.015	54.338	472.73	0.078431	4.1221e-05	0.070869	vapor
1004.3	1.0000	0.53394	1.8729	47.586	55.937	176.29	46.050	54.373	473.40	0.077441	4.1308e-05	0.071073	vapor
1007.2	1.0000	0.53237	1.8784	47.723	56.099	176.45	46.086	54.408	474.07	0.076460	4.1396e-05	0.071278	vapor
1010.2	1.0000	0.53080	1.8840	47.860	56.261	176.61	46.121	54.443	474.75	0.075486	4.1484e-05	0.071482	vapor
1013.2	1.0000	0.52924	1.8895	47.997	56.423	176.77	46.156	54.478	475.42	0.074521	4.1571e-05	0.071685	vapor
1016.2	1.0000	0.52769	1.8950	48.134	56.585	176.93	46.190	54.513	476.09	0.073563	4.1658e-05	0.071889	vapor
1019.1	1.0000	0.52615	1.9006	48.272	56.747	177.09	46.225	54.547	476.75	0.072614	4.1746e-05	0.072092	vapor
1022.1	1.0000	0.52462	1.9061	48.409	56.909	177.25	46.259	54.581	477.42	0.071672	4.1833e-05	0.072295	vapor
1025.1	1.0000	0.52310	1.9117	48.547	57.071	177.41	46.293	54.616	478.09	0.070737	4.1920e-05	0.072498	vapor
1028.0	1.0000	0.52159	1.9172	48.684	57.234	177.56	46.327	54.649	478.76	0.069810	4.2006e-05	0.072701	vapor
1031.0	1.0000	0.52008	1.9228	48.822	57.396	177.72	46.361	54.683	479.42	0.068891	4.2093e-05	0.072903	vapor
1034.0	1.0000	0.51859	1.9283	48.960	57.559	177.88	46.395	54.717	480.08	0.067978	4.2180e-05	0.073105	vapor
1037.0	1.0000	0.51710	1.9339	49.098	57.721	178.04	46.428	54.750	480.75	0.067073	4.2266e-05	0.073307	vapor
1039.9	1.0000	0.51562	1.9394	49.236	57.884	178.19	46.462	54.783	481.41	0.066176	4.2352e-05	0.073508	vapor
1042.9	1.0000	0.51415	1.9449	49.374	58.047	178.35	46.495	54.817	482.07	0.065285	4.2439e-05	0.073710	vapor
1045.9	1.0000	0.51269	1.9505	49.512	58.210	178.51	46.528	54.849	482.73	0.064401	4.2525e-05	0.073911	vapor
1048.8	1.0000	0.51124	1.9560	49.651	58.373	178.66	46.560	54.882	483.39	0.063524	4.2611e-05	0.074112	vapor
1051.8	1.0000	0.50979	1.9616	49.789	58.536	178.82	46.593	54.915	484.05	0.062655	4.2697e-05	0.074312	vapor
1054.8	1.0000	0.50836	1.9671	49.928	58.700	178.97	46.625	54.947	484.71	0.061791	4.2782e-05	0.074513	vapor
1057.8	1.0000	0.50693	1.9727	50.066	58.863	179.13	46.658	54.979	485.37	0.060935	4.2868e-05	0.074713	vapor
1060.7	1.0000	0.50551	1.9782	50.205	59.026	179.28	46.690	55.011	486.02	0.060085	4.2954e-05	0.074913	vapor
1063.7	1.0000	0.50409	1.9838	50.344	59.190	179.44	46.722	55.043	486.68	0.059242	4.3039e-05	0.075112	vapor
1066.7	1.0000	0.50269	1.9893	50.483	59.354	179.59	46.754	55.075	487.33	0.058405	4.3124e-05	0.075312	vapor
1069.7	1.0000	0.50129	1.9948	50.622	59.517	179.74	46.785	55.107	487.99	0.057575	4.3210e-05	0.075511	vapor
1072.6	1.0000	0.49990	2.0004	50.761	59.681	179.89	46.817	55.138	488.64	0.056751	4.3295e-05	0.075710	vapor
1075.6	1.0000	0.49852	2.0059	50.900	59.845	180.05	46.848	55.169	489.29	0.055933	4.3380e-05	0.075909	vapor
1078.6	1.0000	0.49715	2.0115	51.040	60.009	180.20	46.879	55.200	489.94	0.055122	4.3464e-05	0.076107	vapor
1081.5	1.0000	0.49578	2.0170	51.179	60.173	180.35	46.910	55.231	490.59	0.054316	4.3549e-05	0.076306	vapor
1084.5	1.0000	0.49442	2.0226	51.318	60.338	180.50	46.941	55.262	491.24	0.053517	4.3634e-05	0.076504	vapor
1087.5	1.0000	0.49307	2.0281	51.458	60.502	180.65	46.972	55.293	491.89	0.052724	4.3718e-05	0.076702	vapor
1090.5	1.0000	0.49173	2.0337	51.598	60.666	180.81	47.002	55.323	492.54	0.051936	4.3803e-05	0.076899	vapor
1093.4	1.0000	0.49039	2.0392	51.737	60.831	180.96	47.033	55.354	493.18	0.051155	4.3887e-05	0.077096	vapor
1096.4	1.0000	0.48906	2.0447	51.877	60.995	181.11	47.063	55.384	493.83	0.050379	4.3971e-05	0.077294	vapor
1099.4	1.0000	0.48774	2.0503	52.017	61.160	181.26	47.093	55.414	494.48	0.049609	4.4055e-05	0.077491	vapor
1102.4	1.0000	0.48642	2.0558	52.157	61.325	181.41	47.123	55.444	495.12	0.048845	4.4139e-05	0.077687	vapor
1105.3	1.0000	0.48511	2.0614	52.297	61.490	181.56	47.153	55.474	495.76	0.048086	4.4223e-05	0.077884	vapor
1108.3	1.0000	0.48381	2.0669	52.438	61.655	181.70	47.182	55.503	496.41	0.047333	4.4307e-05	0.078080	vapor
1111.3	1.0000	0.48252	2.0725	52.578	61.820	181.85	47.212	55.533	497.05	0.046586	4.4391e-05	0.078276	vapor
1114.2	1.0000	0.48123	2.0780	52.718	61.985	182.00	47.241	55.562	497.69	0.045844	4.4474e-05	0.078472	vapor
1117.2	1.0000	0.47995	2.0836	52.859	62.150	182.15	47.270	55.591	498.33	0.045107	4.4558e-05	0.078667	vapor
1120.2	1.0000	0.47868	2.0891	52.999	62.315	182.30	47.299	55.620	498.97	0.044376	4.4641e-05	0.078862	vapor
1123.2	1.0000	0.47741	2.0946	53.140	62.481	182.44	47.328	55.649	499.61	0.043650	4.4724e-05	0.079057	vapor
1126.1	1.0000	0.47615	2.1002	53.281	62.646	182.59	47.357	55.677	500.25	0.042929	4.4807e-05	0.079252	vapor
1129.1	1.0000	0.47490	2.1057	53.421	62.811	182.74	47.385	55.706	500.88	0.042213	4.4890e-05	0.079447	vapor
1132.1	1.0000	0.47365	2.1113	53.562	62.977	182.89	47.414	55.734	501.52	0.041503	4.4973e-05	0.079641	vapor
1135.0	1.0000	0.47241	2.1168	53.703	63.143	183.03	47.442	55.763	502.16	0.040797	4.5056e-05	0.079835	vapor
1138.0	1.0000	0.47117	2.1224	53.844	63.309	183.18	47.470	55.791	502.79	0.040097	4.5139e-05	0.080029	vapor
1141.0	1.0000	0.46995	2.1279	53.986	63.474	183.32	47.498	55.819	503.42	0.039402	4.5221e-05	0.080223	vapor
1144.0	1.0000	0.46872	2.1334	54.127	63.640	183.47	47.526	55.847	504.06	0.038711	4.5304e-05	0.080416	vapor
1146.9	1.0000	0.46751	2.1390	54.268	63.806	183.61	47.554	55.874	504.69	0.038025	4.5386e-05	0.080610	vapor
1149.9	1.0000	0.46630	2.1445	54.409	63.973	183.76	47.582	55.902	505.32	0.037344	4.5469e-05	0.080803	vapor
1152.9	1.0000	0.46510	2.1501	54.551	64.139	183.90	47.609	55.929	505.95	0.036668	4.5551e-05	0.080996	vapor
1155.9	1.0000	0.46390	2.1556	54.693	64.305	184.05	47.636	55.957	506.58	0.035997	4.5633e-05	0.081188	vapor
1158.8	1.0000	0.46271	2.1612	54.834	64.471	184.19	47.664	55.984	507.21	0.035330	4.5715e-05	0.081381	vapor
1161.8	1.0000	0.46153	2.1667	54.976	64.638	184.33	47.691	56.011	507.84	0.034668	4.5797e-05	0.081573	vapor
1164.8	1.0000	0.46035	2.1723	55.118	64.804	184.48	47.718	56.038	508.47	0.034011	4.5879e-05	0.081765	vapor
1167.7	1.0000	0.45918	2.1778	55.260	64.971	184.62	47.744	56.065	509.10	0.033358	4.5961e-05	0.081956	vapor
1170.7	1.0000	0.45801	2.1833	55.402	65.138	184.76	47.771	56.091	509.72	0.032709	4.6042e-05	0.082148	vapor
1173.7	1.0000	0.45685	2.1889	55.544	65.304	184.90	47.798	56.118	510.35	0.032065	4.6124e-05	0.082339	vapor
1176.7	1.0000	0.45570	2.1944	55.686	65.471	185.05	47.824	56.144	510.97	0.031426	4.6205e-05	0.082530	vapor
1179.6	1.0000	0.45455	2.2000	55.828	65.638	185.19	47.850	56.170	511.60	0.030790	4.6286e-05	0.082721	vapor
1182.6	1.0000	0.45341	2.2055	55.970	65.805	185.33	47.876	56.196	512.22	0.030160	4.6368e-05	0.082912	vapor
1185.6	1.0000	0.45227	2.2111	56.113	65.972	185.47	47.902	56.222	512.84	0.029533	4.6449e-05	0.083102	vapor
1188.5	1.0000	0.45114	2.2166	56.255	66.139	185.61	47.928	56.248	513.47	0.028910	4.6530e-05	0.083292	vapor
1191.5	1.0000	0.45001	2.2221	56.397	66.307	185.75	47.954	56.274	514.09	0.028292	4.6611e-05	0.083482	vapor
1194.5	1.0000	0.44889	2.2277	56.540	66.474	185.89	47.980	56.300	514.71	0.027678	4.6692e-05	0.083672	vapor
1197.5	1.0000	0.44778	2.2332	56.683	66.641	186.03	48.005	56.325	515.33	0.027068	4.6773e-05	0.083861	vapor
1200.4	1.0000	0.44667	2.2388	56.825	66.809	186.17	48.031	56.350	515.95	0.026462	4.6853e-05	0.084051	vapor
1203.4	1.0000	0.44557	2.2443	56.968	66.976	186.31	48.056	56.376	516.56	0.025860	4.6934e-05	0.084240	vapor
1206.4	1.0000	0.44447	2.2499	57.111	67.144	186.45	48.081	56.401	517.18	0.025262	4.7014e-05	0.084429	vapor
1209.4	1.0000	0.44338	2.2554	57.254	67.312	186.59	48.106	56.426	517.80	0.024668	4.7095e-05	0.084617	vapor
1212.3	1.0000	0.44229	2.2610	57.397	67.479	186.73	48.131	56.451	518.41	0.024078	4.7175e-05	0.084806	vapor
1215.3	1.0000	0.44121	2.2665	57.540	67.647	186.87	48.156	56.475	519.03	0.023492	4.7255e-05	0.084994	vapor
1218.3	1.0000	0.44013	2.2720	57.683	67.815	187.00	48.180	56.500	519.64	0.022910	4.7335e-05	0.085182	vapor
1221.2	1.0000	0.43906	2.2776	57.827	67.983	187.14	48.205	56.524	520.26	0.022331	4.7416e-05	0.085370	vapor
1224.2	1.0000	0.43799	2.2831	57.970	68.151	187.28	48.229	56.549	520.87	0.021757	4.7495e-05	0.085557	vapor
1227.2	1.0000	0.43693	2.2887	58.113	68.319	187.42	48.254	56.573	521.48	0.021186	4.7575e-05	0.085745	vapor
1230.2	1.0000	0.43588	2.2942	58.257	68.487	187.55	48.278	56.597	522.10	0.020619	4.7655e-05	0.085932	vapor
1233.1	1.0000	0.43483	2.2998	58.400	68.656	187.69	48.302	56.621	522.71	0.020055	4.7735e-05	0.086119	vapor
1236.1	1.0000	0.43378	2.3053	58.544	68.824	187.83	48.326	56.645	523.32	0.019495	4.7814e-05	0.086306	vapor
1239.1	1.0000	0.43274	2.3108	58.688	68.992	187.96	48.350	56.669	523.93	0.018939	4.7894e-05	0.086492	vapor
1242.1	1.0000	0.43171	2.3164	58.831	69.161	188.10	48.373	56.693	524.54	0.018386	4.7973e-05	0.086679	vapor
1245.0	1.0000	0.43067	2.3219	58.975	69.329	188.23	48.397	56.716	525.15	0.017836	4.8053e-05	0.086865	vapor
1248.0	1.0000	0.42965	2.3275	59.119	69.498	188.37	48.420	56.740	525.75	0.017291	4.8132e-05	0.087051	vapor
1251.0	1.0000	0.42863	2.3330	59.263	69.667	188.50	48.444	56.763	526.36	0.016748	4.8211e-05	0.087236	vapor
1253.9	1.0000	0.42761	2.3386	59.407	69.836	188.64	48.467	56.786	526.97	0.016209	4.8290e-05	0.087422	vapor
1256.9	1.0000	0.42660	2.3441	59.551	70.004	188.77	48.490	56.810	527.57	0.015674	4.8369e-05	0.087607	vapor
1259.9	1.0000	0.42559	2.3497	59.695	70.173	188.91	48.513	56.833	528.18	0.015142	4.8448e-05	0.087792	vapor
1262.9	1.0000	0.42459	2.3552	59.840	70.342	189.04	48.536	56.855	528.78	0.014613	4.8527e-05	0.087977	vapor
1265.8	1.0000	0.42360	2.3607	59.984	70.511	189.17	48.559	56.878	529.39	0.014088	4.8606e-05	0.088162	vapor
1268.8	1.0000	0.42260	2.3663	60.128	70.680	189.31	48.582	56.901	529.99	0.013565	4.8684e-05	0.088346	vapor
1271.8	1.0000	0.42162	2.3718	60.273	70.849	189.44	48.604	56.923	530.59	0.013046	4.8763e-05	0.088531	vapor
1274.7	1.0000	0.42063	2.3774	60.417	71.019	189.57	48.627	56.946	531.19	0.012531	4.8841e-05	0.088715	vapor
1277.7	1.0000	0.41965	2.3829	60.562	71.188	189.71	48.649	56.968	531.79	0.012018	4.8920e-05	0.088899	vapor
1280.7	1.0000	0.41868	2.3885	60.707	71.357	189.84	48.672	56.991	532.39	0.011509	4.8998e-05	0.089082	vapor
1283.7	1.0000	0.41771	2.3940	60.851	71.527	189.97	48.694	57.013	532.99	0.011003	4.9076e-05	0.089266	vapor
1286.6	1.0000	0.41675	2.3995	60.996	71.696	190.10	48.716	57.035	533.59	0.010500	4.9155e-05	0.089449	vapor
1289.6	1.0000	0.41578	2.4051	61.141	71.866	190.23	48.738	57.057	534.19	0.0099996	4.9233e-05	0.089632	vapor
1292.6	1.0000	0.41483	2.4106	61.286	72.035	190.37	48.760	57.079	534.79	0.0095026	4.9311e-05	0.089815	vapor
1295.6	1.0000	0.41388	2.4162	61.431	72.205	190.50	48.781	57.100	535.38	0.0090087	4.9389e-05	0.089998	vapor
1298.5	1.0000	0.41293	2.4217	61.576	72.375	190.63	48.803	57.122	535.98	0.0085178	4.9466e-05	0.090180	vapor
1301.5	1.0000	0.41199	2.4273	61.721	72.545	190.76	48.825	57.144	536.58	0.0080298	4.9544e-05	0.090362	vapor
1304.5	1.0000	0.41105	2.4328	61.866	72.715	190.89	48.846	57.165	537.17	0.0075448	4.9622e-05	0.090544	vapor
1307.4	1.0000	0.41011	2.4384	62.011	72.885	191.02	48.867	57.186	537.77	0.0070627	4.9699e-05	0.090726	vapor
1310.4	1.0000	0.40918	2.4439	62.157	73.055	191.15	48.889	57.208	538.36	0.0065835	4.9777e-05	0.090908	vapor
1313.4	1.0000	0.40826	2.4494	62.302	73.225	191.28	48.910	57.229	538.95	0.0061072	4.9854e-05	0.091089	vapor
1316.4	1.0000	0.40733	2.4550	62.447	73.395	191.41	48.931	57.250	539.55	0.0056338	4.9932e-05	0.091271	vapor
1319.3	1.0000	0.40642	2.4605	62.593	73.565	191.54	48.952	57.271	540.14	0.0051631	5.0009e-05	0.091452	vapor
1322.3	1.0000	0.40550	2.4661	62.738	73.735	191.67	48.973	57.291	540.73	0.0046953	5.0086e-05	0.091633	vapor
1325.3	1.0000	0.40459	2.4716	62.884	73.906	191.79	48.994	57.312	541.32	0.0042302	5.0163e-05	0.091813	vapor
1328.2	1.0000	0.40369	2.4772	63.030	74.076	191.92	49.014	57.333	541.91	0.0037679	5.0240e-05	0.091994	vapor
1331.2	1.0000	0.40279	2.4827	63.175	74.246	192.05	49.035	57.353	542.50	0.0033083	5.0317e-05	0.092174	vapor
1334.2	1.0000	0.40189	2.4882	63.321	74.417	192.18	49.055	57.374	543.09	0.0028515	5.0394e-05	0.092354	vapor
1337.2	1.0000	0.40100	2.4938	63.467	74.587	192.31	49.076	57.394	543.68	0.0023973	5.0471e-05	0.092534	vapor
1340.1	1.0000	0.40011	2.4993	63.613	74.758	192.43	49.096	57.414	544.26	0.0019457	5.0548e-05	0.092714	vapor
1343.1	1.0000	0.39922	2.5049	63.759	74.929	192.56	49.116	57.435	544.85	0.0014968	5.0624e-05	0.092893	vapor
1346.1	1.0000	0.39834	2.5104	63.905	75.099	192.69	49.136	57.455	545.44	0.0010506	5.0701e-05	0.093072	vapor
1349.1	1.0000	0.39746	2.5160	64.051	75.270	192.82	49.156	57.475	546.02	0.00060686	5.0777e-05	0.093252	vapor
1352.0	1.0000	0.39659	2.5215	64.197	75.441	192.94	49.176	57.495	546.61	0.00016574	5.0854e-05	0.093430	vapor
1355.0	1.0000	0.39572	2.5270	64.343	75.612	193.07	49.196	57.514	547.19	-0.00027283	5.0930e-05	0.093609	vapor
1358.0	1.0000	0.39485	2.5326	64.490	75.783	193.19	49.216	57.534	547.78	-0.00070888	5.1006e-05	0.093788	vapor
1360.9	1.0000	0.39399	2.5381	64.636	75.954	193.32	49.235	57.554	548.36	-0.0011424	5.1083e-05	0.093966	vapor
1363.9	1.0000	0.39313	2.5437	64.782	76.125	193.45	49.255	57.573	548.94	-0.0015735	5.1159e-05	0.094144	vapor
1366.9	1.0000	0.39228	2.5492	64.929	76.296	193.57	49.274	57.593	549.52	-0.0020021	5.1235e-05	0.094322	vapor
1369.9	1.0000	0.39143	2.5548	65.075	76.468	193.70	49.294	57.612	550.11	-0.0024282	5.1311e-05	0.094500	vapor
1372.8	1.0000	0.39058	2.5603	65.222	76.639	193.82	49.313	57.631	550.69	-0.0028519	5.1387e-05	0.094678	vapor
1375.8	1.0000	0.38973	2.5658	65.368	76.810	193.95	49.332	57.650	551.27	-0.0032732	5.1463e-05	0.094855	vapor
1378.8	1.0000	0.38889	2.5714	65.515	76.982	194.07	49.351	57.670	551.85	-0.0036922	5.1538e-05	0.095032	vapor
1381.8	1.0000	0.38806	2.5769	65.662	77.153	194.19	49.370	57.689	552.43	-0.0041087	5.1614e-05	0.095209	vapor
1384.7	1.0000	0.38722	2.5825	65.808	77.325	194.32	49.389	57.707	553.00	-0.0045229	5.1690e-05	0.095386	vapor
1387.7	1.0000	0.38640	2.5880	65.955	77.496	194.44	49.408	57.726	553.58	-0.0049348	5.1765e-05	0.095563	vapor
1390.7	1.0000	0.38557	2.5936	66.102	77.668	194.57	49.427	57.745	554.16	-0.0053444	5.1841e-05	0.095739	vapor
1393.6	1.0000	0.38475	2.5991	66.249	77.839	194.69	49.445	57.764	554.74	-0.0057517	5.1916e-05	0.095915	vapor
1396.6	1.0000	0.38393	2.6047	66.396	78.011	194.81	49.464	57.782	555.31	-0.0061567	5.1991e-05	0.096091	vapor
1399.6	1.0000	0.38311	2.6102	66.543	78.183	194.94	49.483	57.801	555.89	-0.0065595	5.2067e-05	0.096267	vapor
1402.6	1.0000	0.38230	2.6157	66.690	78.355	195.06	49.501	57.819	556.46	-0.0069600	5.2142e-05	0.096443	vapor
1405.5	1.0000	0.38149	2.6213	66.837	78.527	195.18	49.519	57.837	557.04	-0.0073583	5.2217e-05	0.096619	vapor
1408.5	1.0000	0.38069	2.6268	66.985	78.698	195.30	49.538	57.856	557.61	-0.0077544	5.2292e-05	0.096794	vapor
1411.5	1.0000	0.37989	2.6324	67.132	78.870	195.42	49.556	57.874	558.18	-0.0081483	5.2367e-05	0.096969	vapor
1414.4	1.0000	0.37909	2.6379	67.279	79.043	195.55	49.574	57.892	558.76	-0.0085401	5.2442e-05	0.097144	vapor
1417.4	1.0000	0.37829	2.6435	67.427	79.215	195.67	49.592	57.910	559.33	-0.0089297	5.2517e-05	0.097319	vapor
1420.4	1.0000	0.37750	2.6490	67.574	79.387	195.79	49.610	57.928	559.90	-0.0093172	5.2591e-05	0.097494	vapor
1423.4	1.0000	0.37671	2.6545	67.722	79.559	195.91	49.628	57.946	560.47	-0.0097026	5.2666e-05	0.097668	vapor
1426.3	1.0000	0.37593	2.6601	67.869	79.731	196.03	49.645	57.963	561.04	-0.010086	5.2741e-05	0.097842	vapor
1429.3	1.0000	0.37515	2.6656	68.017	79.904	196.15	49.663	57.981	561.61	-0.010467	5.2815e-05	0.098016	vapor
1432.3	1.0000	0.37437	2.6712	68.164	80.076	196.27	49.681	57.999	562.18	-0.010846	5.2890e-05	0.098190	vapor
1435.3	1.0000	0.37359	2.6767	68.312	80.248	196.39	49.698	58.016	562.75	-0.011223	5.2964e-05	0.098364	vapor
1438.2	1.0000	0.37282	2.6823	68.460	80.421	196.51	49.716	58.034	563.32	-0.011598	5.3039e-05	0.098537	vapor
1441.2	1.0000	0.37205	2.6878	68.608	80.593	196.63	49.733	58.051	563.88	-0.011971	5.3113e-05	0.098711	vapor
1444.2	1.0000	0.37129	2.6933	68.756	80.766	196.75	49.750	58.068	564.45	-0.012342	5.3187e-05	0.098884	vapor
1447.1	1.0000	0.37052	2.6989	68.903	80.939	196.87	49.768	58.085	565.02	-0.012711	5.3261e-05	0.099057	vapor
1450.1	1.0000	0.36976	2.7044	69.051	81.111	196.99	49.785	58.103	565.58	-0.013079	5.3335e-05	0.099230	vapor
1453.1	1.0000	0.36901	2.7100	69.199	81.284	197.11	49.802	58.120	566.15	-0.013444	5.3409e-05	0.099402	vapor
1456.1	1.0000	0.36825	2.7155	69.347	81.457	197.23	49.819	58.137	566.71	-0.013807	5.3483e-05	0.099575	vapor
1459.0	1.0000	0.36750	2.7211	69.496	81.630	197.35	49.836	58.153	567.28	-0.014168	5.3557e-05	0.099747	vapor
1462.0	1.0000	0.36676	2.7266	69.644	81.802	197.47	49.853	58.170	567.84	-0.014527	5.3631e-05	0.099919	vapor
1465.0	1.0000	0.36601	2.7321	69.792	81.975	197.58	49.869	58.187	568.41	-0.014885	5.3705e-05	0.10009	vapor
1467.9	1.0000	0.36527	2.7377	69.940	82.148	197.70	49.886	58.204	568.97	-0.015240	5.3778e-05	0.10026	vapor
1470.9	1.0000	0.36453	2.7432	70.088	82.321	197.82	49.903	58.220	569.53	-0.015594	5.3852e-05	0.10043	vapor
1473.9	1.0000	0.36380	2.7488	70.237	82.494	197.94	49.919	58.237	570.09	-0.015946	5.3926e-05	0.10061	vapor
1476.9	1.0000	0.36307	2.7543	70.385	82.668	198.05	49.936	58.253	570.65	-0.016296	5.3999e-05	0.10078	vapor
1479.8	1.0000	0.36234	2.7599	70.534	82.841	198.17	49.952	58.270	571.21	-0.016644	5.4072e-05	0.10095	vapor
1482.8	1.0000	0.36161	2.7654	70.682	83.014	198.29	49.968	58.286	571.77	-0.016991	5.4146e-05	0.10112	vapor
1485.8	1.0000	0.36089	2.7709	70.831	83.187	198.40	49.985	58.302	572.33	-0.017335	5.4219e-05	0.10129	vapor
1488.8	1.0000	0.36017	2.7765	70.979	83.361	198.52	50.001	58.318	572.89	-0.017678	5.4292e-05	0.10146	vapor
1491.7	1.0000	0.35945	2.7820	71.128	83.534	198.64	50.017	58.335	573.45	-0.018019	5.4365e-05	0.10163	vapor
1494.7	1.0000	0.35873	2.7876	71.277	83.707	198.75	50.033	58.351	574.01	-0.018358	5.4439e-05	0.10180	vapor
1497.7	1.0000	0.35802	2.7931	71.425	83.881	198.87	50.049	58.367	574.56	-0.018696	5.4512e-05	0.10197	vapor
1500.6	1.0000	0.35731	2.7987	71.574	84.054	198.99	50.065	58.382	575.12	-0.019032	5.4585e-05	0.10214	vapor
1503.6	1.0000	0.35661	2.8042	71.723	84.228	199.10	50.081	58.398	575.68	-0.019366	5.4657e-05	0.10231	vapor
1506.6	1.0000	0.35590	2.8097	71.872	84.401	199.22	50.096	58.414	576.23	-0.019698	5.4730e-05	0.10248	vapor
1509.6	1.0000	0.35520	2.8153	72.021	84.575	199.33	50.112	58.430	576.79	-0.020029	5.4803e-05	0.10265	vapor
1512.5	1.0000	0.35450	2.8208	72.170	84.749	199.45	50.128	58.445	577.34	-0.020358	5.4876e-05	0.10282	vapor
1515.5	1.0000	0.35381	2.8264	72.319	84.923	199.56	50.143	58.461	577.90	-0.020685	5.4948e-05	0.10299	vapor
1518.5	1.0000	0.35312	2.8319	72.468	85.096	199.68	50.159	58.476	578.45	-0.021011	5.5021e-05	0.10316	vapor
1521.5	1.0000	0.35243	2.8375	72.617	85.270	199.79	50.174	58.492	579.00	-0.021335	5.5094e-05	0.10332	vapor
1524.4	1.0000	0.35174	2.8430	72.766	85.444	199.90	50.190	58.507	579.56	-0.021657	5.5166e-05	0.10349	vapor
1527.4	1.0000	0.35106	2.8486	72.915	85.618	200.02	50.205	58.522	580.11	-0.021978	5.5239e-05	0.10366	vapor
1530.4	1.0000	0.35037	2.8541	73.065	85.792	200.13	50.220	58.538	580.66	-0.022297	5.5311e-05	0.10383	vapor
1533.3	1.0000	0.34969	2.8596	73.214	85.966	200.25	50.235	58.553	581.21	-0.022615	5.5383e-05	0.10400	vapor
1536.3	1.0000	0.34902	2.8652	73.363	86.140	200.36	50.250	58.568	581.76	-0.022931	5.5455e-05	0.10417	vapor
1539.3	1.0000	0.34834	2.8707	73.513	86.314	200.47	50.265	58.583	582.31	-0.023245	5.5528e-05	0.10433	vapor
1542.3	1.0000	0.34767	2.8763	73.662	86.488	200.59	50.280	58.598	582.86	-0.023558	5.5600e-05	0.10450	vapor
1545.2	1.0000	0.34700	2.8818	73.812	86.662	200.70	50.295	58.613	583.41	-0.023869	5.5672e-05	0.10467	vapor
1548.2	1.0000	0.34634	2.8874	73.961	86.837	200.81	50.310	58.628	583.96	-0.024179	5.5744e-05	0.10483	vapor
1551.2	1.0000	0.34567	2.8929	74.111	87.011	200.92	50.325	58.642	584.51	-0.024487	5.5816e-05	0.10500	vapor
1554.1	1.0000	0.34501	2.8984	74.260	87.185	201.04	50.340	58.657	585.05	-0.024794	5.5888e-05	0.10517	vapor
1557.1	1.0000	0.34435	2.9040	74.410	87.360	201.15	50.354	58.672	585.60	-0.025099	5.5959e-05	0.10534	vapor
1560.1	1.0000	0.34370	2.9095	74.560	87.534	201.26	50.369	58.686	586.15	-0.025403	5.6031e-05	0.10550	vapor
1563.1	1.0000	0.34305	2.9151	74.709	87.709	201.37	50.383	58.701	586.69	-0.025705	5.6103e-05	0.10567	vapor
1566.0	1.0000	0.34239	2.9206	74.859	87.883	201.48	50.398	58.715	587.24	-0.026006	5.6174e-05	0.10583	vapor
1569.0	1.0000	0.34175	2.9262	75.009	88.058	201.59	50.412	58.730	587.78	-0.026305	5.6246e-05	0.10600	vapor
1572.0	1.0000	0.34110	2.9317	75.159	88.232	201.71	50.427	58.744	588.33	-0.026603	5.6317e-05	0.10617	vapor
1575.0	1.0000	0.34046	2.9372	75.309	88.407	201.82	50.441	58.758	588.87	-0.026899	5.6389e-05	0.10633	vapor
1577.9	1.0000	0.33981	2.9428	75.459	88.582	201.93	50.455	58.772	589.42	-0.027194	5.6460e-05	0.10650	vapor
1580.9	1.0000	0.33918	2.9483	75.609	88.756	202.04	50.469	58.787	589.96	-0.027488	5.6532e-05	0.10666	vapor
1583.9	1.0000	0.33854	2.9539	75.759	88.931	202.15	50.483	58.801	590.50	-0.027780	5.6603e-05	0.10683	vapor
1586.8	1.0000	0.33791	2.9594	75.909	89.106	202.26	50.497	58.815	591.04	-0.028071	5.6674e-05	0.10699	vapor
1589.8	1.0000	0.33727	2.9650	76.059	89.281	202.37	50.511	58.829	591.58	-0.028360	5.6745e-05	0.10716	vapor
1592.8	1.0000	0.33664	2.9705	76.209	89.455	202.48	50.525	58.843	592.13	-0.028648	5.6816e-05	0.10732	vapor
1595.8	1.0000	0.33602	2.9760	76.359	89.630	202.59	50.539	58.856	592.67	-0.028934	5.6887e-05	0.10749	vapor
1598.7	1.0000	0.33539	2.9816	76.510	89.805	202.70	50.553	58.870	593.21	-0.029220	5.6958e-05	0.10765	vapor
1601.7	1.0000	0.33477	2.9871	76.660	89.980	202.81	50.567	58.884	593.75	-0.029503	5.7029e-05	0.10782	vapor
1604.7	1.0000	0.33415	2.9927	76.810	90.155	202.92	50.581	58.898	594.29	-0.029786	5.7100e-05	0.10798	vapor
1607.7	1.0000	0.33353	2.9982	76.961	90.330	203.03	50.594	58.911	594.82	-0.030067	5.7171e-05	0.10814	vapor
1610.6	1.0000	0.33292	3.0038	77.111	90.506	203.13	50.608	58.925	595.36	-0.030347	5.7242e-05	0.10831	vapor
1613.6	1.0000	0.33230	3.0093	77.261	90.681	203.24	50.621	58.938	595.90	-0.030625	5.7313e-05	0.10847	vapor
1616.6	1.0000	0.33169	3.0148	77.412	90.856	203.35	50.635	58.952	596.44	-0.030902	5.7383e-05	0.10863	vapor
1619.5	1.0000	0.33108	3.0204	77.562	91.031	203.46	50.648	58.965	596.97	-0.031178	5.7454e-05	0.10880	vapor
1622.5	1.0000	0.33048	3.0259	77.713	91.207	203.57	50.662	58.979	597.51	-0.031453	5.7524e-05	0.10896	vapor
1625.5	1.0000	0.32987	3.0315	77.864	91.382	203.68	50.675	58.992	598.05	-0.031726	5.7595e-05	0.10912	vapor
1628.5	1.0000	0.32927	3.0370	78.014	91.557	203.78	50.688	59.005	598.58	-0.031998	5.7665e-05	0.10929	vapor
1631.4	1.0000	0.32867	3.0426	78.165	91.733	203.89	50.701	59.018	599.12	-0.032269	5.7736e-05	0.10945	vapor
1634.4	1.0000	0.32807	3.0481	78.316	91.908	204.00	50.714	59.031	599.65	-0.032538	5.7806e-05	0.10961	vapor
1637.4	1.0000	0.32748	3.0536	78.466	92.084	204.11	50.727	59.044	600.18	-0.032807	5.7876e-05	0.10977	vapor
1640.3	1.0000	0.32688	3.0592	78.617	92.259	204.21	50.741	59.057	600.72	-0.033074	5.7947e-05	0.10994	vapor
1643.3	1.0000	0.32629	3.0647	78.768	92.435	204.32	50.753	59.070	601.25	-0.033339	5.8017e-05	0.11010	vapor
1646.3	1.0000	0.32570	3.0703	78.919	92.610	204.43	50.766	59.083	601.78	-0.033604	5.8087e-05	0.11026	vapor
1649.3	1.0000	0.32512	3.0758	79.070	92.786	204.53	50.779	59.096	602.32	-0.033867	5.8157e-05	0.11042	vapor
1652.2	1.0000	0.32453	3.0814	79.221	92.962	204.64	50.792	59.109	602.85	-0.034129	5.8227e-05	0.11058	vapor
1655.2	1.0000	0.32395	3.0869	79.372	93.137	204.75	50.805	59.122	603.38	-0.034390	5.8297e-05	0.11074	vapor
1658.2	1.0000	0.32337	3.0924	79.523	93.313	204.85	50.818	59.135	603.91	-0.034650	5.8367e-05	0.11091	vapor
1661.2	1.0000	0.32279	3.0980	79.674	93.489	204.96	50.830	59.147	604.44	-0.034908	5.8436e-05	0.11107	vapor
1664.1	1.0000	0.32221	3.1035	79.825	93.665	205.06	50.843	59.160	604.97	-0.035166	5.8506e-05	0.11123	vapor
1667.1	1.0000	0.32164	3.1091	79.976	93.840	205.17	50.855	59.172	605.50	-0.035422	5.8576e-05	0.11139	vapor
1670.1	1.0000	0.32107	3.1146	80.127	94.016	205.27	50.868	59.185	606.03	-0.035677	5.8646e-05	0.11155	vapor
1673.0	1.0000	0.32050	3.1202	80.279	94.192	205.38	50.880	59.197	606.56	-0.035931	5.8715e-05	0.11171	vapor
1676.0	1.0000	0.31993	3.1257	80.430	94.368	205.48	50.893	59.210	607.08	-0.036183	5.8785e-05	0.11187	vapor
1679.0	1.0000	0.31936	3.1312	80.581	94.544	205.59	50.905	59.222	607.61	-0.036435	5.8854e-05	0.11203	vapor
1682.0	1.0000	0.31880	3.1368	80.732	94.720	205.69	50.917	59.234	608.14	-0.036685	5.8924e-05	0.11219	vapor
1684.9	1.0000	0.31824	3.1423	80.884	94.896	205.80	50.930	59.247	608.67	-0.036935	5.8993e-05	0.11235	vapor
1687.9	1.0000	0.31768	3.1479	81.035	95.073	205.90	50.942	59.259	609.19	-0.037183	5.9063e-05	0.11251	vapor
1690.9	1.0000	0.31712	3.1534	81.187	95.249	206.01	50.954	59.271	609.72	-0.037430	5.9132e-05	0.11267	vapor
1693.8	1.0000	0.31656	3.1590	81.338	95.425	206.11	50.966	59.283	610.24	-0.037676	5.9201e-05	0.11283	vapor
1696.8	1.0000	0.31601	3.1645	81.490	95.601	206.22	50.978	59.295	610.77	-0.037921	5.9270e-05	0.11299	vapor
1699.8	1.0000	0.31545	3.1700	81.641	95.777	206.32	50.990	59.307	611.29	-0.038165	5.9340e-05	0.11315	vapor
1702.8	1.0000	0.31490	3.1756	81.793	95.954	206.42	51.002	59.319	611.82	-0.038407	5.9409e-05	0.11331	vapor
1705.7	1.0000	0.31435	3.1811	81.944	96.130	206.53	51.014	59.331	612.34	-0.038649	5.9478e-05	0.11346	vapor
1708.7	1.0000	0.31381	3.1867	82.096	96.306	206.63	51.026	59.343	612.86	-0.038890	5.9547e-05	0.11362	vapor
1711.7	1.0000	0.31326	3.1922	82.248	96.483	206.73	51.038	59.355	613.39	-0.039129	5.9616e-05	0.11378	vapor
1714.7	1.0000	0.31272	3.1978	82.399	96.659	206.84	51.050	59.366	613.91	-0.039367	5.9685e-05	0.11394	vapor
1717.6	1.0000	0.31218	3.2033	82.551	96.836	206.94	51.061	59.378	614.43	-0.039605	5.9753e-05	0.11410	vapor
1720.6	1.0000	0.31164	3.2088	82.703	97.012	207.04	51.073	59.390	614.95	-0.039841	5.9822e-05	0.11426	vapor
1723.6	1.0000	0.31110	3.2144	82.855	97.189	207.14	51.085	59.401	615.47	-0.040076	5.9891e-05	0.11441	vapor
1726.5	1.0000	0.31057	3.2199	83.007	97.365	207.25	51.096	59.413	615.99	-0.040311	5.9960e-05	0.11457	vapor
1729.5	1.0000	0.31003	3.2255	83.159	97.542	207.35	51.108	59.424	616.51	-0.040544	6.0028e-05	0.11473	vapor
1732.5	1.0000	0.30950	3.2310	83.311	97.719	207.45	51.119	59.436	617.03	-0.040776	6.0097e-05	0.11489	vapor
1735.5	1.0000	0.30897	3.2366	83.463	97.895	207.55	51.131	59.447	617.55	-0.041008	6.0165e-05	0.11505	vapor
1738.4	1.0000	0.30844	3.2421	83.615	98.072	207.65	51.142	59.459	618.07	-0.041238	6.0234e-05	0.11520	vapor
1741.4	1.0000	0.30792	3.2476	83.767	98.249	207.76	51.153	59.470	618.59	-0.041467	6.0302e-05	0.11536	vapor
1744.4	1.0000	0.30739	3.2532	83.919	98.426	207.86	51.165	59.481	619.11	-0.041695	6.0371e-05	0.11552	vapor
1747.4	1.0000	0.30687	3.2587	84.071	98.602	207.96	51.176	59.493	619.63	-0.041922	6.0439e-05	0.11567	vapor
1750.3	1.0000	0.30635	3.2643	84.223	98.779	208.06	51.187	59.504	620.14	-0.042149	6.0507e-05	0.11583	vapor
1753.3	1.0000	0.30583	3.2698	84.375	98.956	208.16	51.198	59.515	620.66	-0.042374	6.0576e-05	0.11599	vapor
1756.3	1.0000	0.30531	3.2754	84.527	99.133	208.26	51.210	59.526	621.18	-0.042598	6.0644e-05	0.11614	vapor
1759.2	1.0000	0.30479	3.2809	84.679	99.310	208.36	51.221	59.537	621.69	-0.042822	6.0712e-05	0.11630	vapor
1762.2	1.0000	0.30428	3.2864	84.832	99.487	208.46	51.232	59.548	622.21	-0.043044	6.0780e-05	0.11646	vapor
1765.2	1.0000	0.30377	3.2920	84.984	99.664	208.56	51.243	59.559	622.72	-0.043266	6.0848e-05	0.11661	vapor
1768.2	1.0000	0.30326	3.2975	85.136	99.841	208.66	51.254	59.570	623.24	-0.043486	6.0916e-05	0.11677	vapor
1771.1	1.0000	0.30275	3.3031	85.289	100.02	208.76	51.265	59.581	623.75	-0.043706	6.0984e-05	0.11692	vapor
1774.1	1.0000	0.30224	3.3086	85.441	100.20	208.86	51.275	59.592	624.26	-0.043924	6.1052e-05	0.11708	vapor
1777.1	1.0000	0.30174	3.3142	85.594	100.37	208.96	51.286	59.603	624.78	-0.044142	6.1120e-05	0.11723	vapor
1780.0	1.0000	0.30123	3.3197	85.746	100.55	209.06	51.297	59.614	625.29	-0.044359	6.1188e-05	0.11739	vapor
1783.0	1.0000	0.30073	3.3252	85.898	100.73	209.16	51.308	59.624	625.80	-0.044575	6.1255e-05	0.11754	vapor
1786.0	1.0000	0.30023	3.3308	86.051	100.90	209.26	51.319	59.635	626.32	-0.044790	6.1323e-05	0.11770	vapor
1789.0	1.0000	0.29973	3.3363	86.204	101.08	209.36	51.329	59.646	626.83	-0.045004	6.1391e-05	0.11785	vapor
1791.9	1.0000	0.29923	3.3419	86.356	101.26	209.46	51.340	59.656	627.34	-0.045217	6.1458e-05	0.11801	vapor
1794.9	1.0000	0.29874	3.3474	86.509	101.44	209.56	51.350	59.667	627.85	-0.045429	6.1526e-05	0.11816	vapor
1797.9	1.0000	0.29824	3.3530	86.661	101.61	209.66	51.361	59.677	628.36	-0.045641	6.1593e-05	0.11832	vapor
1800.9	1.0000	0.29775	3.3585	86.814	101.79	209.76	51.371	59.688	628.87	-0.045851	6.1661e-05	0.11847	vapor
1803.8	1.0000	0.29726	3.3640	86.967	101.97	209.85	51.382	59.698	629.38	-0.046061	6.1728e-05	0.11863	vapor
1806.8	1.0000	0.29677	3.3696	87.120	102.15	209.95	51.392	59.709	629.89	-0.046270	6.1796e-05	0.11878	vapor
1809.8	1.0000	0.29629	3.3751	87.272	102.32	210.05	51.403	59.719	630.40	-0.046478	6.1863e-05	0.11893	vapor
1812.7	1.0000	0.29580	3.3807	87.425	102.50	210.15	51.413	59.730	630.91	-0.046685	6.1930e-05	0.11909	vapor
1815.7	1.0000	0.29532	3.3862	87.578	102.68	210.25	51.423	59.740	631.41	-0.046891	6.1998e-05	0.11924	vapor
1818.7	1.0000	0.29483	3.3917	87.731	102.86	210.34	51.434	59.750	631.92	-0.047096	6.2065e-05	0.11940	vapor
1821.7	1.0000	0.29435	3.3973	87.884	103.03	210.44	51.444	59.760	632.43	-0.047301	6.2132e-05	0.11955	vapor
1824.6	1.0000	0.29387	3.4028	88.037	103.21	210.54	51.454	59.770	632.94	-0.047504	6.2199e-05	0.11970	vapor
1827.6	1.0000	0.29339	3.4084	88.190	103.39	210.64	51.464	59.781	633.44	-0.047707	6.2266e-05	0.11985	vapor
1830.6	1.0000	0.29292	3.4139	88.343	103.57	210.73	51.474	59.791	633.95	-0.047909	6.2333e-05	0.12001	vapor
1833.5	1.0000	0.29244	3.4195	88.496	103.74	210.83	51.484	59.801	634.45	-0.048110	6.2400e-05	0.12016	vapor
1836.5	1.0000	0.29197	3.4250	88.649	103.92	210.93	51.494	59.811	634.96	-0.048311	6.2467e-05	0.12031	vapor
1839.5	1.0000	0.29150	3.4305	88.802	104.10	211.02	51.504	59.821	635.46	-0.048510	6.2534e-05	0.12047	vapor
1842.5	1.0000	0.29103	3.4361	88.955	104.28	211.12	51.514	59.831	635.97	-0.048709	6.2601e-05	0.12062	vapor
1845.4	1.0000	0.29056	3.4416	89.108	104.46	211.22	51.524	59.841	636.47	-0.048907	6.2668e-05	0.12077	vapor
1848.4	1.0000	0.29009	3.4472	89.261	104.63	211.31	51.534	59.851	636.98	-0.049104	6.2734e-05	0.12092	vapor
1851.4	1.0000	0.28963	3.4527	89.414	104.81	211.41	51.544	59.860	637.48	-0.049300	6.2801e-05	0.12107	vapor
1854.4	1.0000	0.28916	3.4583	89.568	104.99	211.51	51.554	59.870	637.98	-0.049496	6.2868e-05	0.12123	vapor
1857.3	1.0000	0.28870	3.4638	89.721	105.17	211.60	51.564	59.880	638.49	-0.049691	6.2934e-05	0.12138	vapor
1860.3	1.0000	0.28824	3.4693	89.874	105.34	211.70	51.573	59.890	638.99	-0.049884	6.3001e-05	0.12153	vapor
1863.3	1.0000	0.28778	3.4749	90.027	105.52	211.79	51.583	59.899	639.49	-0.050078	6.3067e-05	0.12168	vapor
1866.2	1.0000	0.28732	3.4804	90.181	105.70	211.89	51.593	59.909	639.99	-0.050270	6.3134e-05	0.12183	vapor
1869.2	1.0000	0.28686	3.4860	90.334	105.88	211.98	51.602	59.919	640.49	-0.050462	6.3200e-05	0.12198	vapor
1872.2	1.0000	0.28641	3.4915	90.488	106.06	212.08	51.612	59.928	640.99	-0.050652	6.3267e-05	0.12214	vapor
1875.2	1.0000	0.28595	3.4971	90.641	106.24	212.17	51.621	59.938	641.49	-0.050843	6.3333e-05	0.12229	vapor
1878.1	1.0000	0.28550	3.5026	90.794	106.41	212.27	51.631	59.947	641.99	-0.051032	6.3399e-05	0.12244	vapor
1881.1	1.0000	0.28505	3.5081	90.948	106.59	212.36	51.640	59.957	642.49	-0.051220	6.3465e-05	0.12259	vapor
1884.1	1.0000	0.28460	3.5137	91.101	106.77	212.46	51.650	59.966	642.99	-0.051408	6.3532e-05	0.12274	vapor
1887.1	1.0000	0.28415	3.5192	91.255	106.95	212.55	51.659	59.975	643.49	-0.051595	6.3598e-05	0.12289	vapor
1890.0	1.0000	0.28371	3.5248	91.408	107.13	212.65	51.669	59.985	643.99	-0.051782	6.3664e-05	0.12304	vapor
1893.0	1.0000	0.28326	3.5303	91.562	107.30	212.74	51.678	59.994	644.49	-0.051967	6.3730e-05	0.12319	vapor
1896.0	1.0000	0.28282	3.5359	91.716	107.48	212.84	51.687	60.003	644.98	-0.052152	6.3796e-05	0.12334	vapor
1898.9	1.0000	0.28237	3.5414	91.869	107.66	212.93	51.697	60.013	645.48	-0.052336	6.3862e-05	0.12349	vapor
1901.9	1.0000	0.28193	3.5469	92.023	107.84	213.02	51.706	60.022	645.98	-0.052520	6.3928e-05	0.12364	vapor
1904.9	1.0000	0.28149	3.5525	92.177	108.02	213.12	51.715	60.031	646.47	-0.052702	6.3994e-05	0.12379	vapor
1907.9	1.0000	0.28105	3.5580	92.330	108.20	213.21	51.724	60.040	646.97	-0.052884	6.4060e-05	0.12394	vapor
1910.8	1.0000	0.28062	3.5636	92.484	108.38	213.30	51.733	60.049	647.47	-0.053066	6.4125e-05	0.12409	vapor
1913.8	1.0000	0.28018	3.5691	92.638	108.55	213.40	51.742	60.059	647.96	-0.053246	6.4191e-05	0.12424	vapor
1916.8	1.0000	0.27975	3.5747	92.792	108.73	213.49	51.751	60.068	648.46	-0.053426	6.4257e-05	0.12439	vapor
1919.7	1.0000	0.27931	3.5802	92.946	108.91	213.58	51.760	60.077	648.95	-0.053605	6.4323e-05	0.12454	vapor
1922.7	1.0000	0.27888	3.5857	93.100	109.09	213.68	51.769	60.086	649.45	-0.053784	6.4388e-05	0.12468	vapor
1925.7	1.0000	0.27845	3.5913	93.253	109.27	213.77	51.778	60.095	649.94	-0.053961	6.4454e-05	0.12483	vapor
1928.7	1.0000	0.27802	3.5968	93.407	109.45	213.86	51.787	60.103	650.43	-0.054139	6.4519e-05	0.12498	vapor
1931.6	1.0000	0.27760	3.6024	93.561	109.63	213.96	51.796	60.112	650.93	-0.054315	6.4585e-05	0.12513	vapor
1934.6	1.0000	0.27717	3.6079	93.715	109.80	214.05	51.805	60.121	651.42	-0.054491	6.4650e-05	0.12528	vapor
1937.6	1.0000	0.27674	3.6135	93.869	109.98	214.14	51.814	60.130	651.91	-0.054666	6.4716e-05	0.12543	vapor
1940.6	1.0000	0.27632	3.6190	94.023	110.16	214.23	51.823	60.139	652.40	-0.054840	6.4781e-05	0.12557	vapor
1943.5	1.0000	0.27590	3.6245	94.177	110.34	214.32	51.831	60.148	652.89	-0.055014	6.4847e-05	0.12572	vapor
1946.5	1.0000	0.27548	3.6301	94.331	110.52	214.42	51.840	60.156	653.39	-0.055187	6.4912e-05	0.12587	vapor
1949.5	1.0000	0.27506	3.6356	94.486	110.70	214.51	51.849	60.165	653.88	-0.055359	6.4977e-05	0.12602	vapor
1952.4	1.0000	0.27464	3.6412	94.640	110.88	214.60	51.858	60.174	654.37	-0.055531	6.5042e-05	0.12617	vapor
1955.4	1.0000	0.27422	3.6467	94.794	111.06	214.69	51.866	60.182	654.86	-0.055702	6.5108e-05	0.12631	vapor
1958.4	1.0000	0.27380	3.6523	94.948	111.23	214.78	51.875	60.191	655.35	-0.055872	6.5173e-05	0.12646	vapor
1961.4	1.0000	0.27339	3.6578	95.102	111.41	214.87	51.883	60.199	655.84	-0.056042	6.5238e-05	0.12661	vapor
1964.3	1.0000	0.27298	3.6633	95.256	111.59	214.97	51.892	60.208	656.33	-0.056211	6.5303e-05	0.12676	vapor
1967.3	1.0000	0.27256	3.6689	95.411	111.77	215.06	51.900	60.217	656.82	-0.056380	6.5368e-05	0.12690	vapor
1970.3	1.0000	0.27215	3.6744	95.565	111.95	215.15	51.909	60.225	657.30	-0.056548	6.5433e-05	0.12705	vapor
1973.2	1.0000	0.27174	3.6800	95.719	112.13	215.24	51.917	60.233	657.79	-0.056715	6.5498e-05	0.12720	vapor
1976.2	1.0000	0.27133	3.6855	95.874	112.31	215.33	51.926	60.242	658.28	-0.056881	6.5563e-05	0.12734	vapor
1979.2	1.0000	0.27093	3.6911	96.028	112.49	215.42	51.934	60.250	658.77	-0.057047	6.5627e-05	0.12749	vapor
1982.2	1.0000	0.27052	3.6966	96.182	112.67	215.51	51.943	60.259	659.25	-0.057213	6.5692e-05	0.12764	vapor
1985.1	1.0000	0.27011	3.7021	96.337	112.85	215.60	51.951	60.267	659.74	-0.057377	6.5757e-05	0.12778	vapor
1988.1	1.0000	0.26971	3.7077	96.491	113.02	215.69	51.959	60.275	660.23	-0.057541	6.5822e-05	0.12793	vapor
1991.1	1.0000	0.26931	3.7132	96.646	113.20	215.78	51.967	60.284	660.71	-0.057705	6.5886e-05	0.12807	vapor
1994.1	1.0000	0.26891	3.7188	96.800	113.38	215.87	51.976	60.292	661.20	-0.057868	6.5951e-05	0.12822	vapor
1997.0	1.0000	0.26851	3.7243	96.955	113.56	215.96	51.984	60.300	661.68	-0.058030	6.6016e-05	0.12837	vapor
2000.0	1.0000	0.26811	3.7298	97.109	113.74	216.05	51.992	60.308	662.17	-0.058192	6.6080e-05	0.12851	vapor
