Temperature (K)	Pressure (bar)	Density (kg/m3)	Volume (m3/kg)	Internal Energy (kJ/mol)	Enthalpy (kJ/mol)	Entropy (J/mol*K)	Cv (J/mol*K)	Cp (J/mol*K)	Sound Spd. (m/s)	Joule-Thomson (K/bar)	Viscosity (Pa*s)	Therm. Cond. (W/m*K)	Phase
216.59	100.00	1197.1	0.00083538	3.2835	3.6511	21.916	43.387	83.630	1025.8	-0.017483	0.00027276	0.18454	liquid
218.66	100.00	1190.1	0.00084024	3.4544	3.8242	22.711	43.246	83.721	1012.1	-0.016938	0.00026384	0.18204	liquid
218.83	100.00	1189.6	0.00084065	3.4686	3.8386	22.777	43.235	83.729	1010.9	-0.016892	0.00026311	0.18183	liquid
219.00	100.00	1189.0	0.00084105	3.4829	3.8530	22.843	43.223	83.737	1009.8	-0.016845	0.00026239	0.18162	liquid
219.18	100.00	1188.4	0.00084146	3.4971	3.8675	22.909	43.211	83.746	1008.6	-0.016797	0.00026166	0.18142	liquid
219.35	100.00	1187.8	0.00084188	3.5114	3.8819	22.975	43.200	83.755	1007.5	-0.016750	0.00026094	0.18121	liquid
219.52	100.00	1187.2	0.00084229	3.5256	3.8963	23.040	43.188	83.763	1006.3	-0.016702	0.00026022	0.18100	liquid
219.69	100.00	1186.7	0.00084270	3.5399	3.9108	23.106	43.177	83.772	1005.2	-0.016654	0.00025951	0.18079	liquid
219.87	100.00	1186.1	0.00084311	3.5541	3.9252	23.172	43.165	83.781	1004.0	-0.016606	0.00025879	0.18059	liquid
220.04	100.00	1185.5	0.00084352	3.5684	3.9396	23.237	43.154	83.790	1002.9	-0.016558	0.00025808	0.18038	liquid
220.21	100.00	1184.9	0.00084394	3.5827	3.9541	23.303	43.142	83.800	1001.7	-0.016509	0.00025737	0.18017	liquid
220.38	100.00	1184.3	0.00084435	3.5969	3.9685	23.369	43.131	83.809	1000.6	-0.016460	0.00025667	0.17997	liquid
220.56	100.00	1183.8	0.00084477	3.6112	3.9830	23.434	43.119	83.819	999.46	-0.016411	0.00025596	0.17976	liquid
220.73	100.00	1183.2	0.00084519	3.6255	3.9974	23.500	43.108	83.828	998.32	-0.016362	0.00025526	0.17955	liquid
220.90	100.00	1182.6	0.00084560	3.6397	4.0119	23.565	43.097	83.838	997.17	-0.016312	0.00025456	0.17935	liquid
221.07	100.00	1182.0	0.00084602	3.6540	4.0263	23.630	43.085	83.848	996.03	-0.016263	0.00025386	0.17914	liquid
221.25	100.00	1181.4	0.00084644	3.6683	4.0408	23.696	43.074	83.858	994.89	-0.016213	0.00025317	0.17893	liquid
221.42	100.00	1180.8	0.00084686	3.6825	4.0552	23.761	43.063	83.868	993.74	-0.016162	0.00025247	0.17873	liquid
221.59	100.00	1180.3	0.00084728	3.6968	4.0697	23.826	43.051	83.878	992.60	-0.016112	0.00025178	0.17852	liquid
221.76	100.00	1179.7	0.00084770	3.7111	4.0841	23.892	43.040	83.888	991.46	-0.016061	0.00025109	0.17831	liquid
221.93	100.00	1179.1	0.00084812	3.7253	4.0986	23.957	43.029	83.899	990.32	-0.016010	0.00025041	0.17811	liquid
222.11	100.00	1178.5	0.00084854	3.7396	4.1131	24.022	43.017	83.909	989.18	-0.015959	0.00024972	0.17790	liquid
222.28	100.00	1177.9	0.00084896	3.7539	4.1275	24.087	43.006	83.920	988.04	-0.015908	0.00024904	0.17770	liquid
222.45	100.00	1177.3	0.00084939	3.7682	4.1420	24.152	42.995	83.931	986.89	-0.015856	0.00024836	0.17749	liquid
222.62	100.00	1176.7	0.00084981	3.7824	4.1564	24.217	42.984	83.942	985.75	-0.015804	0.00024768	0.17729	liquid
222.80	100.00	1176.1	0.00085024	3.7967	4.1709	24.282	42.973	83.953	984.61	-0.015752	0.00024701	0.17708	liquid
222.97	100.00	1175.6	0.00085066	3.8110	4.1854	24.347	42.961	83.964	983.47	-0.015700	0.00024633	0.17687	liquid
223.14	100.00	1175.0	0.00085109	3.8253	4.1999	24.412	42.950	83.976	982.33	-0.015647	0.00024566	0.17667	liquid
223.31	100.00	1174.4	0.00085152	3.8396	4.2143	24.477	42.939	83.987	981.19	-0.015594	0.00024499	0.17646	liquid
223.49	100.00	1173.8	0.00085194	3.8539	4.2288	24.541	42.928	83.999	980.05	-0.015541	0.00024433	0.17626	liquid
223.66	100.00	1173.2	0.00085237	3.8682	4.2433	24.606	42.917	84.010	978.91	-0.015488	0.00024366	0.17605	liquid
223.83	100.00	1172.6	0.00085280	3.8824	4.2578	24.671	42.906	84.022	977.77	-0.015434	0.00024300	0.17585	liquid
224.00	100.00	1172.0	0.00085323	3.8967	4.2722	24.736	42.895	84.034	976.63	-0.015380	0.00024234	0.17564	liquid
224.18	100.00	1171.4	0.00085366	3.9110	4.2867	24.800	42.884	84.046	975.49	-0.015326	0.00024168	0.17544	liquid
224.35	100.00	1170.8	0.00085409	3.9253	4.3012	24.865	42.873	84.059	974.35	-0.015272	0.00024102	0.17523	liquid
224.52	100.00	1170.2	0.00085453	3.9396	4.3157	24.929	42.862	84.071	973.21	-0.015217	0.00024037	0.17503	liquid
224.69	100.00	1169.6	0.00085496	3.9539	4.3302	24.994	42.851	84.083	972.07	-0.015162	0.00023972	0.17482	liquid
224.86	100.00	1169.1	0.00085539	3.9682	4.3447	25.058	42.840	84.096	970.93	-0.015107	0.00023907	0.17462	liquid
225.04	100.00	1168.5	0.00085583	3.9825	4.3592	25.123	42.829	84.109	969.79	-0.015052	0.00023842	0.17441	liquid
225.21	100.00	1167.9	0.00085626	3.9968	4.3737	25.187	42.818	84.122	968.65	-0.014996	0.00023777	0.17421	liquid
225.38	100.00	1167.3	0.00085670	4.0111	4.3882	25.252	42.808	84.135	967.51	-0.014940	0.00023713	0.17401	liquid
225.55	100.00	1166.7	0.00085714	4.0255	4.4027	25.316	42.797	84.148	966.38	-0.014884	0.00023649	0.17380	liquid
225.73	100.00	1166.1	0.00085757	4.0398	4.4172	25.380	42.786	84.161	965.24	-0.014828	0.00023585	0.17360	liquid
225.90	100.00	1165.5	0.00085801	4.0541	4.4317	25.444	42.775	84.175	964.10	-0.014771	0.00023521	0.17339	liquid
226.07	100.00	1164.9	0.00085845	4.0684	4.4462	25.509	42.764	84.188	962.96	-0.014714	0.00023457	0.17319	liquid
226.24	100.00	1164.3	0.00085889	4.0827	4.4607	25.573	42.754	84.202	961.82	-0.014657	0.00023394	0.17299	liquid
226.42	100.00	1163.7	0.00085933	4.0970	4.4752	25.637	42.743	84.216	960.68	-0.014599	0.00023331	0.17278	liquid
226.59	100.00	1163.1	0.00085978	4.1113	4.4897	25.701	42.732	84.230	959.55	-0.014541	0.00023268	0.17258	liquid
226.76	100.00	1162.5	0.00086022	4.1257	4.5043	25.765	42.721	84.244	958.41	-0.014483	0.00023205	0.17237	liquid
226.93	100.00	1161.9	0.00086066	4.1400	4.5188	25.829	42.711	84.258	957.27	-0.014425	0.00023143	0.17217	liquid
227.11	100.00	1161.3	0.00086111	4.1543	4.5333	25.893	42.700	84.272	956.13	-0.014366	0.00023080	0.17197	liquid
227.28	100.00	1160.7	0.00086155	4.1687	4.5478	25.957	42.690	84.287	954.99	-0.014308	0.00023018	0.17176	liquid
227.45	100.00	1160.1	0.00086200	4.1830	4.5623	26.021	42.679	84.301	953.86	-0.014248	0.00022956	0.17156	liquid
227.62	100.00	1159.5	0.00086244	4.1973	4.5769	26.085	42.668	84.316	952.72	-0.014189	0.00022894	0.17136	liquid
227.79	100.00	1158.9	0.00086289	4.2117	4.5914	26.148	42.658	84.331	951.58	-0.014129	0.00022833	0.17115	liquid
227.97	100.00	1158.3	0.00086334	4.2260	4.6059	26.212	42.647	84.346	950.44	-0.014069	0.00022771	0.17095	liquid
228.14	100.00	1157.7	0.00086379	4.2403	4.6205	26.276	42.637	84.361	949.30	-0.014009	0.00022710	0.17075	liquid
228.31	100.00	1157.1	0.00086424	4.2547	4.6350	26.340	42.626	84.376	948.17	-0.013949	0.00022649	0.17055	liquid
228.48	100.00	1156.5	0.00086469	4.2690	4.6496	26.403	42.616	84.392	947.03	-0.013888	0.00022588	0.17034	liquid
228.66	100.00	1155.9	0.00086514	4.2834	4.6641	26.467	42.605	84.407	945.89	-0.013827	0.00022528	0.17014	liquid
228.83	100.00	1155.3	0.00086560	4.2977	4.6787	26.531	42.595	84.423	944.75	-0.013765	0.00022467	0.16994	liquid
229.00	100.00	1154.7	0.00086605	4.3121	4.6932	26.594	42.584	84.439	943.62	-0.013704	0.00022407	0.16973	liquid
229.17	100.00	1154.1	0.00086650	4.3264	4.7078	26.658	42.574	84.455	942.48	-0.013642	0.00022347	0.16953	liquid
229.35	100.00	1153.5	0.00086696	4.3408	4.7223	26.721	42.564	84.471	941.34	-0.013579	0.00022287	0.16933	liquid
229.52	100.00	1152.9	0.00086741	4.3551	4.7369	26.785	42.553	84.487	940.20	-0.013517	0.00022227	0.16913	liquid
229.69	100.00	1152.2	0.00086787	4.3695	4.7514	26.848	42.543	84.504	939.07	-0.013454	0.00022168	0.16892	liquid
229.86	100.00	1151.6	0.00086833	4.3839	4.7660	26.912	42.533	84.520	937.93	-0.013391	0.00022108	0.16872	liquid
230.04	100.00	1151.0	0.00086879	4.3982	4.7806	26.975	42.522	84.537	936.79	-0.013327	0.00022049	0.16852	liquid
230.21	100.00	1150.4	0.00086925	4.4126	4.7952	27.038	42.512	84.554	935.65	-0.013264	0.00021990	0.16832	liquid
230.38	100.00	1149.8	0.00086971	4.4270	4.8097	27.101	42.502	84.571	934.52	-0.013200	0.00021931	0.16812	liquid
230.55	100.00	1149.2	0.00087017	4.4413	4.8243	27.165	42.492	84.588	933.38	-0.013135	0.00021873	0.16791	liquid
230.72	100.00	1148.6	0.00087063	4.4557	4.8389	27.228	42.482	84.605	932.24	-0.013071	0.00021814	0.16771	liquid
230.90	100.00	1148.0	0.00087109	4.4701	4.8535	27.291	42.471	84.623	931.10	-0.013006	0.00021756	0.16751	liquid
231.07	100.00	1147.4	0.00087156	4.4845	4.8681	27.354	42.461	84.640	929.97	-0.012941	0.00021698	0.16731	liquid
231.24	100.00	1146.8	0.00087202	4.4989	4.8826	27.417	42.451	84.658	928.83	-0.012875	0.00021640	0.16711	liquid
231.41	100.00	1146.1	0.00087249	4.5133	4.8972	27.480	42.441	84.676	927.69	-0.012809	0.00021583	0.16690	liquid
231.59	100.00	1145.5	0.00087296	4.5276	4.9118	27.544	42.431	84.694	926.56	-0.012743	0.00021525	0.16670	liquid
231.76	100.00	1144.9	0.00087342	4.5420	4.9264	27.607	42.421	84.712	925.42	-0.012677	0.00021468	0.16650	liquid
231.93	100.00	1144.3	0.00087389	4.5564	4.9410	27.670	42.411	84.731	924.28	-0.012610	0.00021411	0.16630	liquid
232.10	100.00	1143.7	0.00087436	4.5708	4.9556	27.732	42.401	84.749	923.14	-0.012543	0.00021354	0.16610	liquid
232.28	100.00	1143.1	0.00087483	4.5852	4.9702	27.795	42.391	84.768	922.00	-0.012475	0.00021297	0.16590	liquid
232.45	100.00	1142.5	0.00087530	4.5996	4.9849	27.858	42.381	84.786	920.87	-0.012408	0.00021240	0.16570	liquid
232.62	100.00	1141.8	0.00087578	4.6140	4.9995	27.921	42.371	84.805	919.73	-0.012339	0.00021184	0.16550	liquid
232.79	100.00	1141.2	0.00087625	4.6285	5.0141	27.984	42.361	84.824	918.59	-0.012271	0.00021127	0.16529	liquid
232.96	100.00	1140.6	0.00087672	4.6429	5.0287	28.047	42.351	84.844	917.45	-0.012202	0.00021071	0.16509	liquid
233.14	100.00	1140.0	0.00087720	4.6573	5.0433	28.109	42.341	84.863	916.32	-0.012133	0.00021015	0.16489	liquid
233.31	100.00	1139.4	0.00087767	4.6717	5.0580	28.172	42.331	84.883	915.18	-0.012064	0.00020960	0.16469	liquid
233.48	100.00	1138.8	0.00087815	4.6861	5.0726	28.235	42.321	84.902	914.04	-0.011994	0.00020904	0.16449	liquid
233.65	100.00	1138.1	0.00087863	4.7005	5.0872	28.298	42.312	84.922	912.90	-0.011924	0.00020849	0.16429	liquid
233.83	100.00	1137.5	0.00087911	4.7150	5.1019	28.360	42.302	84.942	911.76	-0.011854	0.00020793	0.16409	liquid
234.00	100.00	1136.9	0.00087959	4.7294	5.1165	28.423	42.292	84.962	910.63	-0.011783	0.00020738	0.16389	liquid
234.17	100.00	1136.3	0.00088007	4.7438	5.1311	28.485	42.282	84.983	909.49	-0.011712	0.00020683	0.16369	liquid
234.34	100.00	1135.7	0.00088055	4.7583	5.1458	28.548	42.273	85.003	908.35	-0.011641	0.00020629	0.16349	liquid
234.52	100.00	1135.0	0.00088103	4.7727	5.1604	28.610	42.263	85.024	907.21	-0.011569	0.00020574	0.16329	liquid
234.69	100.00	1134.4	0.00088152	4.7871	5.1751	28.673	42.253	85.045	906.07	-0.011497	0.00020520	0.16309	liquid
234.86	100.00	1133.8	0.00088200	4.8016	5.1898	28.735	42.244	85.066	904.93	-0.011425	0.00020465	0.16289	liquid
235.03	100.00	1133.2	0.00088249	4.8160	5.2044	28.798	42.234	85.087	903.79	-0.011352	0.00020411	0.16269	liquid
235.21	100.00	1132.5	0.00088297	4.8305	5.2191	28.860	42.224	85.108	902.65	-0.011279	0.00020357	0.16249	liquid
235.38	100.00	1131.9	0.00088346	4.8450	5.2338	28.922	42.215	85.129	901.52	-0.011206	0.00020303	0.16229	liquid
235.55	100.00	1131.3	0.00088395	4.8594	5.2484	28.985	42.205	85.151	900.38	-0.011132	0.00020250	0.16209	liquid
235.72	100.00	1130.7	0.00088444	4.8739	5.2631	29.047	42.196	85.173	899.24	-0.011058	0.00020196	0.16189	liquid
235.89	100.00	1130.0	0.00088493	4.8883	5.2778	29.109	42.186	85.195	898.10	-0.010984	0.00020143	0.16169	liquid
236.07	100.00	1129.4	0.00088542	4.9028	5.2925	29.171	42.177	85.217	896.96	-0.010909	0.00020090	0.16149	liquid
236.24	100.00	1128.8	0.00088591	4.9173	5.3072	29.234	42.167	85.239	895.82	-0.010834	0.00020037	0.16129	liquid
236.41	100.00	1128.1	0.00088641	4.9318	5.3219	29.296	42.158	85.262	894.68	-0.010758	0.00019984	0.16109	liquid
236.58	100.00	1127.5	0.00088690	4.9462	5.3366	29.358	42.148	85.284	893.54	-0.010682	0.00019932	0.16089	liquid
236.76	100.00	1126.9	0.00088740	4.9607	5.3513	29.420	42.139	85.307	892.40	-0.010606	0.00019879	0.16069	liquid
236.93	100.00	1126.3	0.00088790	4.9752	5.3660	29.482	42.129	85.330	891.26	-0.010529	0.00019827	0.16049	liquid
237.10	100.00	1125.6	0.00088839	4.9897	5.3807	29.544	42.120	85.353	890.12	-0.010452	0.00019775	0.16029	liquid
237.27	100.00	1125.0	0.00088889	5.0042	5.3954	29.606	42.111	85.376	888.98	-0.010375	0.00019723	0.16009	liquid
237.45	100.00	1124.4	0.00088939	5.0187	5.4101	29.668	42.101	85.400	887.84	-0.010297	0.00019671	0.15989	liquid
237.62	100.00	1123.7	0.00088989	5.0332	5.4248	29.730	42.092	85.423	886.70	-0.010219	0.00019619	0.15969	liquid
237.79	100.00	1123.1	0.00089040	5.0477	5.4395	29.792	42.083	85.447	885.56	-0.010141	0.00019567	0.15949	liquid
237.96	100.00	1122.5	0.00089090	5.0622	5.4543	29.854	42.074	85.471	884.41	-0.010062	0.00019516	0.15929	liquid
238.14	100.00	1121.8	0.00089140	5.0767	5.4690	29.916	42.064	85.495	883.27	-0.0099827	0.00019465	0.15910	liquid
238.31	100.00	1121.2	0.00089191	5.0912	5.4837	29.978	42.055	85.519	882.13	-0.0099031	0.00019414	0.15890	liquid
238.48	100.00	1120.6	0.00089241	5.1057	5.4985	30.040	42.046	85.544	880.99	-0.0098232	0.00019363	0.15870	liquid
238.65	100.00	1119.9	0.00089292	5.1203	5.5132	30.101	42.037	85.569	879.85	-0.0097428	0.00019312	0.15850	liquid
238.82	100.00	1119.3	0.00089343	5.1348	5.5280	30.163	42.028	85.593	878.71	-0.0096621	0.00019261	0.15830	liquid
239.00	100.00	1118.6	0.00089394	5.1493	5.5427	30.225	42.019	85.618	877.56	-0.0095809	0.00019211	0.15810	liquid
239.17	100.00	1118.0	0.00089445	5.1638	5.5575	30.287	42.009	85.644	876.42	-0.0094994	0.00019161	0.15790	liquid
239.34	100.00	1117.4	0.00089496	5.1784	5.5723	30.348	42.000	85.669	875.28	-0.0094175	0.00019110	0.15770	liquid
239.51	100.00	1116.7	0.00089548	5.1929	5.5870	30.410	41.991	85.694	874.14	-0.0093352	0.00019060	0.15751	liquid
239.69	100.00	1116.1	0.00089599	5.2075	5.6018	30.472	41.982	85.720	872.99	-0.0092525	0.00019010	0.15731	liquid
239.86	100.00	1115.4	0.00089651	5.2220	5.6166	30.533	41.973	85.746	871.85	-0.0091694	0.00018961	0.15711	liquid
240.03	100.00	1114.8	0.00089702	5.2366	5.6313	30.595	41.964	85.772	870.71	-0.0090859	0.00018911	0.15691	liquid
240.20	100.00	1114.2	0.00089754	5.2511	5.6461	30.657	41.955	85.798	869.56	-0.0090020	0.00018862	0.15671	liquid
240.38	100.00	1113.5	0.00089806	5.2657	5.6609	30.718	41.947	85.825	868.42	-0.0089176	0.00018812	0.15651	liquid
240.55	100.00	1112.9	0.00089858	5.2803	5.6757	30.780	41.938	85.852	867.27	-0.0088329	0.00018763	0.15632	liquid
240.72	100.00	1112.2	0.00089910	5.2948	5.6905	30.841	41.929	85.878	866.13	-0.0087478	0.00018714	0.15612	liquid
240.89	100.00	1111.6	0.00089962	5.3094	5.7053	30.903	41.920	85.905	864.98	-0.0086622	0.00018665	0.15592	liquid
241.07	100.00	1110.9	0.00090014	5.3240	5.7201	30.964	41.911	85.933	863.84	-0.0085762	0.00018617	0.15572	liquid
241.24	100.00	1110.3	0.00090067	5.3386	5.7349	31.025	41.902	85.960	862.69	-0.0084899	0.00018568	0.15552	liquid
241.41	100.00	1109.6	0.00090119	5.3531	5.7498	31.087	41.894	85.988	861.55	-0.0084030	0.00018520	0.15532	liquid
241.58	100.00	1109.0	0.00090172	5.3677	5.7646	31.148	41.885	86.015	860.40	-0.0083158	0.00018471	0.15513	liquid
241.75	100.00	1108.3	0.00090225	5.3823	5.7794	31.210	41.876	86.043	859.26	-0.0082282	0.00018423	0.15493	liquid
241.93	100.00	1107.7	0.00090278	5.3969	5.7942	31.271	41.867	86.071	858.11	-0.0081401	0.00018375	0.15473	liquid
242.10	100.00	1107.0	0.00090331	5.4115	5.8091	31.332	41.859	86.100	856.96	-0.0080516	0.00018327	0.15453	liquid
242.27	100.00	1106.4	0.00090384	5.4261	5.8239	31.394	41.850	86.128	855.82	-0.0079626	0.00018279	0.15434	liquid
242.44	100.00	1105.7	0.00090437	5.4407	5.8388	31.455	41.841	86.157	854.67	-0.0078732	0.00018232	0.15414	liquid
242.62	100.00	1105.1	0.00090491	5.4554	5.8536	31.516	41.833	86.186	853.52	-0.0077834	0.00018184	0.15394	liquid
242.79	100.00	1104.4	0.00090544	5.4700	5.8685	31.577	41.824	86.215	852.38	-0.0076931	0.00018137	0.15374	liquid
242.96	100.00	1103.8	0.00090598	5.4846	5.8833	31.638	41.816	86.244	851.23	-0.0076024	0.00018090	0.15355	liquid
243.13	100.00	1103.1	0.00090652	5.4992	5.8982	31.700	41.807	86.274	850.08	-0.0075113	0.00018043	0.15335	liquid
243.31	100.00	1102.5	0.00090705	5.5139	5.9131	31.761	41.799	86.304	848.93	-0.0074197	0.00017996	0.15315	liquid
243.48	100.00	1101.8	0.00090759	5.5285	5.9279	31.822	41.790	86.334	847.78	-0.0073276	0.00017949	0.15295	liquid
243.65	100.00	1101.2	0.00090814	5.5432	5.9428	31.883	41.782	86.364	846.63	-0.0072351	0.00017902	0.15276	liquid
243.82	100.00	1100.5	0.00090868	5.5578	5.9577	31.944	41.773	86.394	845.48	-0.0071422	0.00017856	0.15256	liquid
244.00	100.00	1099.8	0.00090922	5.5725	5.9726	32.005	41.765	86.425	844.34	-0.0070488	0.00017810	0.15236	liquid
244.17	100.00	1099.2	0.00090977	5.5871	5.9875	32.066	41.756	86.455	843.19	-0.0069549	0.00017763	0.15217	liquid
244.34	100.00	1098.5	0.00091031	5.6018	6.0024	32.127	41.748	86.486	842.04	-0.0068605	0.00017717	0.15197	liquid
244.51	100.00	1097.9	0.00091086	5.6164	6.0173	32.188	41.740	86.517	840.88	-0.0067657	0.00017671	0.15177	liquid
244.68	100.00	1097.2	0.00091141	5.6311	6.0322	32.249	41.731	86.549	839.73	-0.0066704	0.00017625	0.15157	liquid
244.86	100.00	1096.5	0.00091196	5.6458	6.0471	32.310	41.723	86.580	838.58	-0.0065747	0.00017580	0.15138	liquid
245.03	100.00	1095.9	0.00091251	5.6605	6.0621	32.371	41.715	86.612	837.43	-0.0064785	0.00017534	0.15118	liquid
245.20	100.00	1095.2	0.00091306	5.6752	6.0770	32.432	41.707	86.644	836.28	-0.0063817	0.00017489	0.15098	liquid
245.37	100.00	1094.5	0.00091362	5.6899	6.0919	32.493	41.698	86.676	835.13	-0.0062846	0.00017443	0.15079	liquid
245.55	100.00	1093.9	0.00091417	5.7045	6.1069	32.554	41.690	86.709	833.97	-0.0061869	0.00017398	0.15059	liquid
245.72	100.00	1093.2	0.00091473	5.7193	6.1218	32.614	41.682	86.741	832.82	-0.0060887	0.00017353	0.15039	liquid
245.89	100.00	1092.6	0.00091529	5.7340	6.1368	32.675	41.674	86.774	831.67	-0.0059901	0.00017308	0.15020	liquid
246.06	100.00	1091.9	0.00091585	5.7487	6.1517	32.736	41.666	86.807	830.51	-0.0058909	0.00017263	0.15000	liquid
246.24	100.00	1091.2	0.00091641	5.7634	6.1667	32.797	41.658	86.840	829.36	-0.0057913	0.00017219	0.14980	liquid
246.41	100.00	1090.5	0.00091697	5.7781	6.1817	32.858	41.650	86.874	828.20	-0.0056911	0.00017174	0.14961	liquid
246.58	100.00	1089.9	0.00091753	5.7928	6.1966	32.918	41.642	86.908	827.05	-0.0055905	0.00017130	0.14941	liquid
246.75	100.00	1089.2	0.00091810	5.8076	6.2116	32.979	41.634	86.942	825.89	-0.0054894	0.00017085	0.14922	liquid
246.93	100.00	1088.5	0.00091867	5.8223	6.2266	33.040	41.626	86.976	824.74	-0.0053877	0.00017041	0.14902	liquid
247.10	100.00	1087.9	0.00091923	5.8371	6.2416	33.101	41.618	87.010	823.58	-0.0052855	0.00016997	0.14882	liquid
247.27	100.00	1087.2	0.00091980	5.8518	6.2566	33.161	41.610	87.045	822.43	-0.0051828	0.00016953	0.14863	liquid
247.44	100.00	1086.5	0.00092037	5.8666	6.2716	33.222	41.602	87.080	821.27	-0.0050796	0.00016909	0.14843	liquid
247.61	100.00	1085.8	0.00092094	5.8813	6.2866	33.283	41.594	87.115	820.11	-0.0049759	0.00016865	0.14823	liquid
247.79	100.00	1085.2	0.00092152	5.8961	6.3016	33.343	41.586	87.150	818.95	-0.0048717	0.00016822	0.14804	liquid
247.96	100.00	1084.5	0.00092209	5.9108	6.3167	33.404	41.578	87.185	817.80	-0.0047669	0.00016778	0.14784	liquid
248.13	100.00	1083.8	0.00092267	5.9256	6.3317	33.464	41.570	87.221	816.64	-0.0046616	0.00016735	0.14765	liquid
248.30	100.00	1083.1	0.00092325	5.9404	6.3467	33.525	41.563	87.257	815.48	-0.0045558	0.00016692	0.14745	liquid
248.48	100.00	1082.5	0.00092382	5.9552	6.3618	33.586	41.555	87.293	814.32	-0.0044494	0.00016649	0.14725	liquid
248.65	100.00	1081.8	0.00092440	5.9700	6.3768	33.646	41.547	87.330	813.16	-0.0043425	0.00016606	0.14706	liquid
248.82	100.00	1081.1	0.00092499	5.9848	6.3919	33.707	41.539	87.367	812.00	-0.0042350	0.00016563	0.14686	liquid
248.99	100.00	1080.4	0.00092557	5.9996	6.4069	33.767	41.532	87.403	810.84	-0.0041270	0.00016520	0.14667	liquid
249.17	100.00	1079.7	0.00092615	6.0144	6.4220	33.828	41.524	87.441	809.68	-0.0040184	0.00016478	0.14647	liquid
249.34	100.00	1079.1	0.00092674	6.0292	6.4371	33.888	41.517	87.478	808.52	-0.0039093	0.00016435	0.14628	liquid
249.51	100.00	1078.4	0.00092733	6.0440	6.4521	33.949	41.509	87.516	807.35	-0.0037996	0.00016393	0.14608	liquid
249.68	100.00	1077.7	0.00092792	6.0589	6.4672	34.009	41.501	87.554	806.19	-0.0036894	0.00016351	0.14588	liquid
249.85	100.00	1077.0	0.00092851	6.0737	6.4823	34.069	41.494	87.592	805.03	-0.0035786	0.00016308	0.14569	liquid
250.03	100.00	1076.3	0.00092910	6.0885	6.4974	34.130	41.486	87.630	803.86	-0.0034672	0.00016266	0.14549	liquid
250.20	100.00	1075.6	0.00092969	6.1034	6.5125	34.190	41.479	87.669	802.70	-0.0033553	0.00016224	0.14530	liquid
250.37	100.00	1074.9	0.00093029	6.1182	6.5276	34.251	41.471	87.708	801.53	-0.0032428	0.00016183	0.14510	liquid
250.54	100.00	1074.2	0.00093088	6.1331	6.5428	34.311	41.464	87.747	800.37	-0.0031297	0.00016141	0.14491	liquid
250.72	100.00	1073.6	0.00093148	6.1479	6.5579	34.371	41.457	87.786	799.20	-0.0030160	0.00016099	0.14471	liquid
250.89	100.00	1072.9	0.00093208	6.1628	6.5730	34.432	41.449	87.826	798.04	-0.0029017	0.00016058	0.14452	liquid
251.06	100.00	1072.2	0.00093268	6.1777	6.5882	34.492	41.442	87.866	796.87	-0.0027868	0.00016017	0.14432	liquid
251.23	100.00	1071.5	0.00093329	6.1926	6.6033	34.552	41.435	87.906	795.70	-0.0026714	0.00015975	0.14413	liquid
251.41	100.00	1070.8	0.00093389	6.2075	6.6185	34.613	41.427	87.946	794.54	-0.0025553	0.00015934	0.14393	liquid
251.58	100.00	1070.1	0.00093450	6.2224	6.6336	34.673	41.420	87.987	793.37	-0.0024387	0.00015893	0.14374	liquid
251.75	100.00	1069.4	0.00093510	6.2373	6.6488	34.733	41.413	88.028	792.20	-0.0023214	0.00015852	0.14354	liquid
251.92	100.00	1068.7	0.00093571	6.2522	6.6640	34.793	41.406	88.069	791.03	-0.0022035	0.00015812	0.14335	liquid
252.10	100.00	1068.0	0.00093632	6.2671	6.6791	34.854	41.399	88.111	789.86	-0.0020850	0.00015771	0.14315	liquid
252.27	100.00	1067.3	0.00093694	6.2820	6.6943	34.914	41.391	88.152	788.69	-0.0019659	0.00015730	0.14296	liquid
252.44	100.00	1066.6	0.00093755	6.2969	6.7095	34.974	41.384	88.194	787.52	-0.0018462	0.00015690	0.14276	liquid
252.61	100.00	1065.9	0.00093817	6.3119	6.7247	35.034	41.377	88.237	786.35	-0.0017258	0.00015649	0.14257	liquid
252.78	100.00	1065.2	0.00093878	6.3268	6.7399	35.094	41.370	88.279	785.17	-0.0016048	0.00015609	0.14237	liquid
252.96	100.00	1064.5	0.00093940	6.3417	6.7552	35.155	41.363	88.322	784.00	-0.0014831	0.00015569	0.14218	liquid
253.13	100.00	1063.8	0.00094002	6.3567	6.7704	35.215	41.356	88.365	782.83	-0.0013609	0.00015529	0.14198	liquid
253.30	100.00	1063.1	0.00094065	6.3716	6.7856	35.275	41.349	88.408	781.65	-0.0012379	0.00015489	0.14179	liquid
253.47	100.00	1062.4	0.00094127	6.3866	6.8009	35.335	41.342	88.452	780.48	-0.0011144	0.00015449	0.14159	liquid
253.65	100.00	1061.7	0.00094190	6.4016	6.8161	35.395	41.336	88.496	779.30	-0.00099015	0.00015410	0.14140	liquid
253.82	100.00	1061.0	0.00094252	6.4166	6.8314	35.455	41.329	88.540	778.13	-0.00086527	0.00015370	0.14120	liquid
253.99	100.00	1060.3	0.00094315	6.4316	6.8466	35.516	41.322	88.584	776.95	-0.00073973	0.00015331	0.14101	liquid
254.16	100.00	1059.6	0.00094378	6.4465	6.8619	35.576	41.315	88.629	775.77	-0.00061352	0.00015291	0.14081	liquid
254.34	100.00	1058.9	0.00094442	6.4615	6.8772	35.636	41.308	88.674	774.60	-0.00048664	0.00015252	0.14062	liquid
254.51	100.00	1058.1	0.00094505	6.4766	6.8925	35.696	41.302	88.720	773.42	-0.00035908	0.00015213	0.14042	liquid
254.68	100.00	1057.4	0.00094569	6.4916	6.9078	35.756	41.295	88.765	772.24	-0.00023084	0.00015174	0.14023	liquid
254.85	100.00	1056.7	0.00094632	6.5066	6.9231	35.816	41.288	88.811	771.06	-0.00010191	0.00015135	0.14003	liquid
255.03	100.00	1056.0	0.00094696	6.5216	6.9384	35.876	41.282	88.857	769.88	2.7699e-05	0.00015096	0.13984	liquid
255.20	100.00	1055.3	0.00094760	6.5367	6.9537	35.936	41.275	88.904	768.70	0.00015801	0.00015057	0.13965	liquid
255.37	100.00	1054.6	0.00094825	6.5517	6.9690	35.996	41.268	88.951	767.52	0.00028902	0.00015018	0.13945	liquid
255.54	100.00	1053.9	0.00094889	6.5668	6.9844	36.056	41.262	88.998	766.33	0.00042073	0.00014980	0.13926	liquid
255.71	100.00	1053.1	0.00094954	6.5818	6.9997	36.116	41.255	89.045	765.15	0.00055315	0.00014941	0.13906	liquid
255.89	100.00	1052.4	0.00095019	6.5969	7.0150	36.176	41.249	89.093	763.97	0.00068629	0.00014903	0.13887	liquid
256.06	100.00	1051.7	0.00095084	6.6119	7.0304	36.236	41.243	89.141	762.78	0.00082015	0.00014865	0.13867	liquid
256.23	100.00	1051.0	0.00095149	6.6270	7.0458	36.296	41.236	89.189	761.60	0.00095473	0.00014826	0.13848	liquid
256.40	100.00	1050.3	0.00095214	6.6421	7.0612	36.356	41.230	89.238	760.41	0.0010900	0.00014788	0.13829	liquid
256.58	100.00	1049.5	0.00095280	6.6572	7.0765	36.416	41.223	89.287	759.22	0.0012261	0.00014750	0.13809	liquid
256.75	100.00	1048.8	0.00095346	6.6723	7.0919	36.476	41.217	89.336	758.04	0.0013629	0.00014712	0.13790	liquid
256.92	100.00	1048.1	0.00095412	6.6874	7.1073	36.536	41.211	89.386	756.85	0.0015004	0.00014675	0.13770	liquid
257.09	100.00	1047.4	0.00095478	6.7025	7.1227	36.596	41.205	89.436	755.66	0.0016387	0.00014637	0.13751	liquid
257.27	100.00	1046.6	0.00095544	6.7177	7.1382	36.656	41.199	89.486	754.47	0.0017777	0.00014599	0.13731	liquid
257.44	100.00	1045.9	0.00095611	6.7328	7.1536	36.716	41.192	89.537	753.28	0.0019175	0.00014562	0.13712	liquid
257.61	100.00	1045.2	0.00095677	6.7479	7.1690	36.776	41.186	89.587	752.09	0.0020581	0.00014525	0.13693	liquid
257.78	100.00	1044.4	0.00095744	6.7631	7.1845	36.836	41.180	89.639	750.90	0.0021994	0.00014487	0.13673	liquid
257.96	100.00	1043.7	0.00095811	6.7783	7.1999	36.896	41.174	89.690	749.71	0.0023415	0.00014450	0.13654	liquid
258.13	100.00	1043.0	0.00095879	6.7934	7.2154	36.956	41.168	89.742	748.51	0.0024844	0.00014413	0.13634	liquid
258.30	100.00	1042.3	0.00095946	6.8086	7.2309	37.016	41.162	89.794	747.32	0.0026281	0.00014376	0.13615	liquid
258.47	100.00	1041.5	0.00096014	6.8238	7.2463	37.075	41.156	89.847	746.12	0.0027726	0.00014339	0.13596	liquid
258.64	100.00	1040.8	0.00096082	6.8390	7.2618	37.135	41.150	89.900	744.93	0.0029179	0.00014302	0.13576	liquid
258.82	100.00	1040.0	0.00096150	6.8542	7.2773	37.195	41.145	89.953	743.73	0.0030640	0.00014265	0.13557	liquid
258.99	100.00	1039.3	0.00096218	6.8694	7.2928	37.255	41.139	90.007	742.54	0.0032109	0.00014229	0.13537	liquid
259.16	100.00	1038.6	0.00096287	6.8846	7.3083	37.315	41.133	90.060	741.34	0.0033586	0.00014192	0.13518	liquid
259.33	100.00	1037.8	0.00096355	6.8998	7.3239	37.375	41.127	90.115	740.14	0.0035071	0.00014156	0.13499	liquid
259.51	100.00	1037.1	0.00096424	6.9150	7.3394	37.435	41.121	90.169	738.94	0.0036565	0.00014119	0.13479	liquid
259.68	100.00	1036.3	0.00096493	6.9303	7.3550	37.495	41.116	90.224	737.74	0.0038067	0.00014083	0.13460	liquid
259.85	100.00	1035.6	0.00096563	6.9455	7.3705	37.555	41.110	90.280	736.54	0.0039578	0.00014047	0.13441	liquid
260.02	100.00	1034.9	0.00096632	6.9608	7.3861	37.614	41.105	90.335	735.34	0.0041097	0.00014011	0.13421	liquid
260.20	100.00	1034.1	0.00096702	6.9761	7.4016	37.674	41.099	90.391	734.13	0.0042625	0.00013975	0.13402	liquid
260.37	100.00	1033.4	0.00096772	6.9913	7.4172	37.734	41.094	90.448	732.93	0.0044161	0.00013939	0.13382	liquid
260.54	100.00	1032.6	0.00096842	7.0066	7.4328	37.794	41.088	90.505	731.73	0.0045706	0.00013903	0.13363	liquid
260.71	100.00	1031.9	0.00096912	7.0219	7.4484	37.854	41.083	90.562	730.52	0.0047260	0.00013867	0.13344	liquid
260.89	100.00	1031.1	0.00096983	7.0372	7.4640	37.914	41.077	90.619	729.31	0.0048822	0.00013832	0.13324	liquid
261.06	100.00	1030.4	0.00097054	7.0525	7.4797	37.974	41.072	90.677	728.11	0.0050394	0.00013796	0.13305	liquid
261.23	100.00	1029.6	0.00097125	7.0678	7.4953	38.034	41.067	90.736	726.90	0.0051974	0.00013761	0.13286	liquid
261.40	100.00	1028.8	0.00097196	7.0832	7.5109	38.093	41.061	90.794	725.69	0.0053563	0.00013725	0.13266	liquid
261.57	100.00	1028.1	0.00097268	7.0985	7.5266	38.153	41.056	90.854	724.48	0.0055162	0.00013690	0.13247	liquid
261.75	100.00	1027.3	0.00097339	7.1139	7.5423	38.213	41.051	90.913	723.27	0.0056770	0.00013655	0.13227	liquid
261.92	100.00	1026.6	0.00097411	7.1292	7.5579	38.273	41.046	90.973	722.06	0.0058387	0.00013620	0.13208	liquid
262.09	100.00	1025.8	0.00097483	7.1446	7.5736	38.333	41.041	91.033	720.85	0.0060013	0.00013585	0.13189	liquid
262.26	100.00	1025.1	0.00097556	7.1600	7.5893	38.393	41.036	91.094	719.63	0.0061648	0.00013550	0.13169	liquid
262.44	100.00	1024.3	0.00097628	7.1753	7.6050	38.453	41.031	91.155	718.42	0.0063294	0.00013515	0.13150	liquid
262.61	100.00	1023.5	0.00097701	7.1907	7.6207	38.512	41.026	91.216	717.20	0.0064948	0.00013480	0.13131	liquid
262.78	100.00	1022.8	0.00097774	7.2061	7.6365	38.572	41.021	91.278	715.99	0.0066612	0.00013445	0.13111	liquid
262.95	100.00	1022.0	0.00097848	7.2216	7.6522	38.632	41.016	91.341	714.77	0.0068286	0.00013411	0.13092	liquid
263.13	100.00	1021.2	0.00097921	7.2370	7.6679	38.692	41.011	91.403	713.55	0.0069970	0.00013376	0.13073	liquid
263.30	100.00	1020.5	0.00097995	7.2524	7.6837	38.752	41.006	91.466	712.33	0.0071664	0.00013341	0.13053	liquid
263.47	100.00	1019.7	0.00098069	7.2679	7.6995	38.812	41.001	91.530	711.11	0.0073367	0.00013307	0.13034	liquid
263.64	100.00	1018.9	0.00098143	7.2833	7.7152	38.872	40.997	91.594	709.89	0.0075081	0.00013273	0.13015	liquid
263.81	100.00	1018.1	0.00098218	7.2988	7.7310	38.932	40.992	91.658	708.67	0.0076804	0.00013239	0.12995	liquid
263.99	100.00	1017.4	0.00098292	7.3143	7.7468	38.991	40.987	91.723	707.45	0.0078538	0.00013204	0.12976	liquid
264.16	100.00	1016.6	0.00098367	7.3297	7.7627	39.051	40.983	91.789	706.23	0.0080282	0.00013170	0.12957	liquid
264.33	100.00	1015.8	0.00098443	7.3452	7.7785	39.111	40.978	91.854	705.00	0.0082036	0.00013136	0.12937	liquid
264.50	100.00	1015.0	0.00098518	7.3607	7.7943	39.171	40.974	91.921	703.78	0.0083801	0.00013102	0.12918	liquid
264.68	100.00	1014.3	0.00098594	7.3763	7.8102	39.231	40.969	91.987	702.55	0.0085576	0.00013069	0.12899	liquid
264.85	100.00	1013.5	0.00098670	7.3918	7.8260	39.291	40.965	92.054	701.32	0.0087362	0.00013035	0.12879	liquid
265.02	100.00	1012.7	0.00098746	7.4073	7.8419	39.351	40.960	92.122	700.09	0.0089158	0.00013001	0.12860	liquid
265.19	100.00	1011.9	0.00098823	7.4229	7.8578	39.411	40.956	92.190	698.87	0.0090966	0.00012968	0.12841	liquid
265.37	100.00	1011.1	0.00098899	7.4384	7.8737	39.471	40.952	92.258	697.63	0.0092784	0.00012934	0.12821	liquid
265.54	100.00	1010.3	0.00098976	7.4540	7.8896	39.531	40.947	92.327	696.40	0.0094613	0.00012901	0.12802	liquid
265.71	100.00	1009.6	0.00099053	7.4696	7.9055	39.590	40.943	92.397	695.17	0.0096453	0.00012867	0.12783	liquid
265.88	100.00	1008.8	0.00099131	7.4852	7.9214	39.650	40.939	92.466	693.94	0.0098304	0.00012834	0.12763	liquid
266.06	100.00	1008.0	0.00099209	7.5008	7.9374	39.710	40.935	92.537	692.70	0.010017	0.00012801	0.12744	liquid
266.23	100.00	1007.2	0.00099287	7.5164	7.9533	39.770	40.931	92.608	691.47	0.010204	0.00012768	0.12724	liquid
266.40	100.00	1006.4	0.00099365	7.5320	7.9693	39.830	40.927	92.679	690.23	0.010393	0.00012735	0.12705	liquid
266.57	100.00	1005.6	0.00099444	7.5476	7.9853	39.890	40.923	92.751	688.99	0.010582	0.00012702	0.12686	liquid
266.74	100.00	1004.8	0.00099523	7.5633	8.0013	39.950	40.919	92.823	687.75	0.010773	0.00012669	0.12666	liquid
266.92	100.00	1004.0	0.00099602	7.5789	8.0173	40.010	40.915	92.896	686.51	0.010965	0.00012636	0.12647	liquid
267.09	100.00	1003.2	0.00099681	7.5946	8.0333	40.070	40.911	92.969	685.27	0.011158	0.00012603	0.12628	liquid
267.26	100.00	1002.4	0.00099761	7.6103	8.0493	40.130	40.907	93.043	684.03	0.011353	0.00012570	0.12608	liquid
267.43	100.00	1001.6	0.00099841	7.6260	8.0654	40.190	40.904	93.118	682.79	0.011548	0.00012538	0.12589	liquid
267.61	100.00	1000.8	0.00099921	7.6417	8.0814	40.250	40.900	93.192	681.55	0.011745	0.00012505	0.12570	liquid
267.78	100.00	999.99	0.0010000	7.6574	8.0975	40.310	40.896	93.268	680.30	0.011943	0.00012473	0.12550	liquid
267.95	100.00	999.18	0.0010008	7.6731	8.1136	40.370	40.893	93.344	679.05	0.012142	0.00012440	0.12531	liquid
268.12	100.00	998.37	0.0010016	7.6888	8.1296	40.430	40.889	93.420	677.81	0.012343	0.00012408	0.12512	liquid
268.30	100.00	997.56	0.0010024	7.7046	8.1458	40.490	40.886	93.497	676.56	0.012545	0.00012376	0.12492	liquid
268.47	100.00	996.75	0.0010033	7.7203	8.1619	40.550	40.882	93.575	675.31	0.012748	0.00012344	0.12473	liquid
268.64	100.00	995.93	0.0010041	7.7361	8.1780	40.610	40.879	93.653	674.06	0.012952	0.00012311	0.12454	liquid
268.81	100.00	995.12	0.0010049	7.7519	8.1942	40.671	40.875	93.732	672.81	0.013157	0.00012279	0.12434	liquid
268.99	100.00	994.30	0.0010057	7.7677	8.2103	40.731	40.872	93.811	671.55	0.013364	0.00012247	0.12415	liquid
269.16	100.00	993.48	0.0010066	7.7835	8.2265	40.791	40.869	93.891	670.30	0.013573	0.00012215	0.12396	liquid
269.33	100.00	992.66	0.0010074	7.7993	8.2427	40.851	40.865	93.971	669.04	0.013782	0.00012184	0.12376	liquid
269.50	100.00	991.84	0.0010082	7.8152	8.2589	40.911	40.862	94.052	667.79	0.013993	0.00012152	0.12357	liquid
269.67	100.00	991.02	0.0010091	7.8310	8.2751	40.971	40.859	94.133	666.53	0.014205	0.00012120	0.12338	liquid
269.85	100.00	990.19	0.0010099	7.8469	8.2913	41.031	40.856	94.216	665.27	0.014419	0.00012088	0.12318	liquid
270.02	100.00	989.37	0.0010107	7.8627	8.3076	41.092	40.853	94.298	664.01	0.014634	0.00012057	0.12299	liquid
270.19	100.00	988.54	0.0010116	7.8786	8.3238	41.152	40.850	94.382	662.75	0.014850	0.00012025	0.12280	liquid
270.36	100.00	987.71	0.0010124	7.8945	8.3401	41.212	40.847	94.465	661.49	0.015068	0.00011994	0.12260	liquid
270.54	100.00	986.88	0.0010133	7.9104	8.3564	41.272	40.844	94.550	660.22	0.015287	0.00011963	0.12241	liquid
270.71	100.00	986.04	0.0010142	7.9264	8.3727	41.332	40.841	94.635	658.96	0.015507	0.00011931	0.12222	liquid
270.88	100.00	985.21	0.0010150	7.9423	8.3890	41.393	40.838	94.721	657.69	0.015729	0.00011900	0.12202	liquid
271.05	100.00	984.37	0.0010159	7.9583	8.4054	41.453	40.836	94.807	656.42	0.015953	0.00011869	0.12183	liquid
271.23	100.00	983.53	0.0010167	7.9742	8.4217	41.513	40.833	94.894	655.16	0.016178	0.00011838	0.12164	liquid
271.40	100.00	982.69	0.0010176	7.9902	8.4381	41.574	40.830	94.982	653.89	0.016404	0.00011807	0.12144	liquid
271.57	100.00	981.85	0.0010185	8.0062	8.4544	41.634	40.828	95.070	652.61	0.016632	0.00011776	0.12125	liquid
271.74	100.00	981.01	0.0010194	8.0222	8.4708	41.694	40.825	95.159	651.34	0.016861	0.00011745	0.12105	liquid
271.92	100.00	980.16	0.0010202	8.0382	8.4872	41.755	40.823	95.249	650.07	0.017092	0.00011714	0.12086	liquid
272.09	100.00	979.31	0.0010211	8.0543	8.5037	41.815	40.820	95.339	648.79	0.017325	0.00011683	0.12067	liquid
272.26	100.00	978.47	0.0010220	8.0703	8.5201	41.875	40.818	95.430	647.52	0.017559	0.00011652	0.12047	liquid
272.43	100.00	977.61	0.0010229	8.0864	8.5366	41.936	40.816	95.521	646.24	0.017794	0.00011622	0.12028	liquid
272.60	100.00	976.76	0.0010238	8.1025	8.5530	41.996	40.813	95.614	644.96	0.018032	0.00011591	0.12009	liquid
272.78	100.00	975.91	0.0010247	8.1185	8.5695	42.057	40.811	95.707	643.68	0.018270	0.00011560	0.11989	liquid
272.95	100.00	975.05	0.0010256	8.1347	8.5860	42.117	40.809	95.800	642.40	0.018511	0.00011530	0.11970	liquid
273.12	100.00	974.19	0.0010265	8.1508	8.6025	42.178	40.807	95.895	641.12	0.018753	0.00011499	0.11950	liquid
273.29	100.00	973.33	0.0010274	8.1669	8.6191	42.238	40.805	95.990	639.83	0.018996	0.00011469	0.11931	liquid
273.47	100.00	972.47	0.0010283	8.1831	8.6356	42.299	40.802	96.086	638.55	0.019242	0.00011439	0.11912	liquid
273.64	100.00	971.60	0.0010292	8.1992	8.6522	42.359	40.800	96.182	637.26	0.019489	0.00011408	0.11892	liquid
273.81	100.00	970.74	0.0010301	8.2154	8.6688	42.420	40.799	96.279	635.97	0.019737	0.00011378	0.11873	liquid
273.98	100.00	969.87	0.0010311	8.2316	8.6854	42.480	40.797	96.377	634.68	0.019988	0.00011348	0.11854	liquid
274.16	100.00	969.00	0.0010320	8.2478	8.7020	42.541	40.795	96.476	633.39	0.020240	0.00011318	0.11834	liquid
274.33	100.00	968.13	0.0010329	8.2640	8.7186	42.602	40.793	96.576	632.10	0.020494	0.00011288	0.11815	liquid
274.50	100.00	967.25	0.0010339	8.2803	8.7353	42.662	40.791	96.676	630.80	0.020749	0.00011258	0.11795	liquid
274.67	100.00	966.38	0.0010348	8.2965	8.7520	42.723	40.790	96.777	629.51	0.021007	0.00011228	0.11776	liquid
274.85	100.00	965.50	0.0010357	8.3128	8.7686	42.784	40.788	96.879	628.21	0.021266	0.00011198	0.11756	liquid
275.02	100.00	964.62	0.0010367	8.3291	8.7853	42.845	40.786	96.981	626.91	0.021527	0.00011168	0.11737	liquid
275.19	100.00	963.74	0.0010376	8.3454	8.8021	42.905	40.785	97.085	625.61	0.021790	0.00011139	0.11718	liquid
275.36	100.00	962.85	0.0010386	8.3617	8.8188	42.966	40.784	97.189	624.31	0.022054	0.00011109	0.11698	liquid
275.53	100.00	961.97	0.0010395	8.3781	8.8356	43.027	40.782	97.294	623.00	0.022321	0.00011079	0.11679	liquid
275.71	100.00	961.08	0.0010405	8.3944	8.8523	43.088	40.781	97.400	621.70	0.022589	0.00011050	0.11659	liquid
275.88	100.00	960.19	0.0010415	8.4108	8.8691	43.149	40.780	97.507	620.39	0.022860	0.00011020	0.11640	liquid
276.05	100.00	959.30	0.0010424	8.4272	8.8860	43.210	40.778	97.614	619.09	0.023132	0.00010991	0.11621	liquid
276.22	100.00	958.40	0.0010434	8.4436	8.9028	43.271	40.777	97.723	617.78	0.023406	0.00010961	0.11601	liquid
276.40	100.00	957.50	0.0010444	8.4600	8.9196	43.332	40.776	97.832	616.47	0.023683	0.00010932	0.11582	liquid
276.57	100.00	956.61	0.0010454	8.4765	8.9365	43.393	40.775	97.942	615.15	0.023961	0.00010902	0.11562	liquid
276.74	100.00	955.70	0.0010463	8.4929	8.9534	43.454	40.774	98.053	613.84	0.024241	0.00010873	0.11543	liquid
276.91	100.00	954.80	0.0010473	8.5094	8.9703	43.515	40.773	98.165	612.52	0.024523	0.00010844	0.11523	liquid
277.09	100.00	953.89	0.0010483	8.5259	8.9872	43.576	40.772	98.278	611.21	0.024808	0.00010815	0.11504	liquid
277.26	100.00	952.99	0.0010493	8.5424	9.0042	43.637	40.771	98.392	609.89	0.025094	0.00010786	0.11484	liquid
277.43	100.00	952.08	0.0010503	8.5589	9.0212	43.698	40.771	98.507	608.57	0.025383	0.00010756	0.11465	liquid
277.60	100.00	951.16	0.0010513	8.5754	9.0381	43.760	40.770	98.622	607.24	0.025673	0.00010727	0.11445	liquid
277.78	100.00	950.25	0.0010524	8.5920	9.0552	43.821	40.769	98.739	605.92	0.025966	0.00010698	0.11426	liquid
277.95	100.00	949.33	0.0010534	8.6086	9.0722	43.882	40.769	98.856	604.59	0.026261	0.00010669	0.11406	liquid
278.12	100.00	948.41	0.0010544	8.6252	9.0892	43.943	40.768	98.975	603.27	0.026558	0.00010641	0.11387	liquid
278.29	100.00	947.49	0.0010554	8.6418	9.1063	44.005	40.768	99.094	601.94	0.026857	0.00010612	0.11367	liquid
278.46	100.00	946.57	0.0010564	8.6584	9.1234	44.066	40.767	99.215	600.61	0.027159	0.00010583	0.11348	liquid
278.64	100.00	945.64	0.0010575	8.6751	9.1405	44.128	40.767	99.336	599.27	0.027463	0.00010554	0.11328	liquid
278.81	100.00	944.71	0.0010585	8.6918	9.1576	44.189	40.767	99.459	597.94	0.027769	0.00010525	0.11309	liquid
278.98	100.00	943.78	0.0010596	8.7085	9.1748	44.251	40.767	99.582	596.60	0.028077	0.00010497	0.11289	liquid
279.15	100.00	942.85	0.0010606	8.7252	9.1919	44.312	40.767	99.707	595.27	0.028388	0.00010468	0.11270	liquid
279.33	100.00	941.91	0.0010617	8.7419	9.2091	44.374	40.767	99.832	593.93	0.028701	0.00010440	0.11250	liquid
279.50	100.00	940.97	0.0010627	8.7587	9.2264	44.435	40.767	99.959	592.58	0.029017	0.00010411	0.11231	liquid
279.67	100.00	940.03	0.0010638	8.7754	9.2436	44.497	40.767	100.09	591.24	0.029335	0.00010383	0.11211	liquid
279.84	100.00	939.09	0.0010649	8.7922	9.2609	44.559	40.767	100.22	589.89	0.029655	0.00010354	0.11192	liquid
280.02	100.00	938.14	0.0010659	8.8090	9.2781	44.620	40.767	100.35	588.55	0.029978	0.00010326	0.11172	liquid
280.19	100.00	937.19	0.0010670	8.8259	9.2954	44.682	40.768	100.48	587.20	0.030304	0.00010297	0.11153	liquid
280.36	100.00	936.24	0.0010681	8.8427	9.3128	44.744	40.768	100.61	585.85	0.030632	0.00010269	0.11133	liquid
280.53	100.00	935.28	0.0010692	8.8596	9.3301	44.806	40.768	100.74	584.49	0.030962	0.00010241	0.11114	liquid
280.70	100.00	934.33	0.0010703	8.8765	9.3475	44.868	40.769	100.88	583.14	0.031295	0.00010213	0.11094	liquid
280.88	100.00	933.37	0.0010714	8.8934	9.3649	44.930	40.770	101.01	581.78	0.031631	0.00010185	0.11074	liquid
281.05	100.00	932.41	0.0010725	8.9103	9.3823	44.992	40.770	101.15	580.42	0.031970	0.00010156	0.11055	liquid
281.22	100.00	931.44	0.0010736	8.9273	9.3998	45.054	40.771	101.29	579.06	0.032311	0.00010128	0.11035	liquid
281.39	100.00	930.47	0.0010747	8.9443	9.4172	45.116	40.772	101.43	577.70	0.032655	0.00010100	0.11016	liquid
281.57	100.00	929.50	0.0010758	8.9613	9.4347	45.178	40.773	101.57	576.33	0.033001	0.00010072	0.10996	liquid
281.74	100.00	928.53	0.0010770	8.9783	9.4522	45.240	40.774	101.71	574.97	0.033351	0.00010044	0.10976	liquid
281.91	100.00	927.55	0.0010781	8.9953	9.4698	45.302	40.775	101.85	573.60	0.033703	0.00010016	0.10957	liquid
282.08	100.00	926.58	0.0010792	9.0124	9.4874	45.365	40.776	102.00	572.22	0.034058	9.9883e-05	0.10937	liquid
282.26	100.00	925.59	0.0010804	9.0295	9.5049	45.427	40.778	102.14	570.85	0.034416	9.9605e-05	0.10917	liquid
282.43	100.00	924.61	0.0010815	9.0466	9.5226	45.489	40.779	102.29	569.48	0.034777	9.9326e-05	0.10898	liquid
282.60	100.00	923.62	0.0010827	9.0637	9.5402	45.552	40.781	102.44	568.10	0.035140	9.9048e-05	0.10878	liquid
282.77	100.00	922.63	0.0010839	9.0809	9.5579	45.614	40.782	102.59	566.72	0.035507	9.8771e-05	0.10858	liquid
282.95	100.00	921.64	0.0010850	9.0980	9.5756	45.677	40.784	102.74	565.34	0.035877	9.8494e-05	0.10839	liquid
283.12	100.00	920.64	0.0010862	9.1153	9.5933	45.740	40.786	102.89	563.95	0.036250	9.8217e-05	0.10819	liquid
283.29	100.00	919.64	0.0010874	9.1325	9.6110	45.802	40.788	103.05	562.56	0.036626	9.7940e-05	0.10799	liquid
283.46	100.00	918.64	0.0010886	9.1497	9.6288	45.865	40.790	103.20	561.18	0.037005	9.7664e-05	0.10780	liquid
283.63	100.00	917.64	0.0010898	9.1670	9.6466	45.928	40.792	103.36	559.78	0.037388	9.7388e-05	0.10760	liquid
283.81	100.00	916.63	0.0010910	9.1843	9.6644	45.991	40.794	103.52	558.39	0.037773	9.7113e-05	0.10740	liquid
283.98	100.00	915.62	0.0010922	9.2016	9.6823	46.053	40.796	103.68	557.00	0.038162	9.6838e-05	0.10721	liquid
284.15	100.00	914.60	0.0010934	9.2190	9.7002	46.116	40.799	103.84	555.60	0.038554	9.6563e-05	0.10701	liquid
284.32	100.00	913.58	0.0010946	9.2364	9.7181	46.179	40.801	104.01	554.20	0.038950	9.6288e-05	0.10681	liquid
284.50	100.00	912.56	0.0010958	9.2538	9.7360	46.243	40.804	104.17	552.79	0.039349	9.6014e-05	0.10661	liquid
284.67	100.00	911.54	0.0010970	9.2712	9.7540	46.306	40.807	104.34	551.39	0.039751	9.5740e-05	0.10642	liquid
284.84	100.00	910.51	0.0010983	9.2886	9.7720	46.369	40.809	104.51	549.98	0.040157	9.5466e-05	0.10622	liquid
285.01	100.00	909.48	0.0010995	9.3061	9.7900	46.432	40.812	104.68	548.57	0.040567	9.5193e-05	0.10602	liquid
285.19	100.00	908.44	0.0011008	9.3236	9.8081	46.495	40.815	104.85	547.16	0.040980	9.4920e-05	0.10582	liquid
285.36	100.00	907.41	0.0011020	9.3411	9.8262	46.559	40.819	105.02	545.74	0.041396	9.4647e-05	0.10562	liquid
285.53	100.00	906.37	0.0011033	9.3587	9.8443	46.622	40.822	105.20	544.33	0.041817	9.4375e-05	0.10543	liquid
285.70	100.00	905.32	0.0011046	9.3763	9.8624	46.686	40.826	105.38	542.91	0.042241	9.4103e-05	0.10523	liquid
285.88	100.00	904.27	0.0011059	9.3939	9.8806	46.749	40.829	105.56	541.48	0.042669	9.3831e-05	0.10503	liquid
286.05	100.00	903.22	0.0011071	9.4115	9.8988	46.813	40.833	105.74	540.06	0.043100	9.3559e-05	0.10483	liquid
286.22	100.00	902.17	0.0011084	9.4292	9.9170	46.877	40.837	105.92	538.63	0.043536	9.3288e-05	0.10463	liquid
286.39	100.00	901.11	0.0011097	9.4469	9.9353	46.941	40.841	106.11	537.20	0.043975	9.3017e-05	0.10443	liquid
286.56	100.00	900.05	0.0011111	9.4646	9.9536	47.005	40.845	106.29	535.77	0.044419	9.2746e-05	0.10423	liquid
286.74	100.00	898.98	0.0011124	9.4824	9.9720	47.069	40.849	106.48	534.33	0.044867	9.2475e-05	0.10404	liquid
286.91	100.00	897.91	0.0011137	9.5002	9.9903	47.133	40.854	106.67	532.89	0.045318	9.2205e-05	0.10384	liquid
287.08	100.00	896.84	0.0011150	9.5180	10.009	47.197	40.858	106.87	531.45	0.045774	9.1935e-05	0.10364	liquid
287.25	100.00	895.76	0.0011164	9.5358	10.027	47.261	40.863	107.06	530.01	0.046234	9.1665e-05	0.10344	liquid
287.43	100.00	894.68	0.0011177	9.5537	10.046	47.325	40.868	107.26	528.56	0.046698	9.1395e-05	0.10324	liquid
287.60	100.00	893.60	0.0011191	9.5716	10.064	47.390	40.873	107.46	527.11	0.047167	9.1126e-05	0.10304	liquid
287.77	100.00	892.51	0.0011204	9.5896	10.083	47.454	40.878	107.66	525.66	0.047640	9.0856e-05	0.10284	liquid
287.94	100.00	891.41	0.0011218	9.6075	10.101	47.518	40.883	107.87	524.21	0.048117	9.0587e-05	0.10264	liquid
288.12	100.00	890.32	0.0011232	9.6255	10.120	47.583	40.889	108.07	522.75	0.048600	9.0318e-05	0.10244	liquid
288.29	100.00	889.22	0.0011246	9.6436	10.138	47.648	40.895	108.28	521.29	0.049086	9.0050e-05	0.10224	liquid
288.46	100.00	888.11	0.0011260	9.6616	10.157	47.713	40.901	108.49	519.83	0.049577	8.9781e-05	0.10204	liquid
288.63	100.00	887.00	0.0011274	9.6797	10.176	47.777	40.907	108.71	518.36	0.050073	8.9513e-05	0.10184	liquid
288.81	100.00	885.89	0.0011288	9.6979	10.195	47.842	40.913	108.92	516.89	0.050574	8.9245e-05	0.10164	liquid
288.98	100.00	884.77	0.0011302	9.7160	10.213	47.907	40.919	109.14	515.42	0.051080	8.8977e-05	0.10144	liquid
289.15	100.00	883.65	0.0011317	9.7342	10.232	47.973	40.926	109.37	513.94	0.051591	8.8709e-05	0.10124	liquid
289.32	100.00	882.53	0.0011331	9.7524	10.251	48.038	40.932	109.59	512.47	0.052106	8.8441e-05	0.10104	liquid
289.49	100.00	881.40	0.0011346	9.7707	10.270	48.103	40.939	109.82	510.99	0.052627	8.8174e-05	0.10083	liquid
289.67	100.00	880.26	0.0011360	9.7890	10.289	48.169	40.946	110.05	509.50	0.053153	8.7907e-05	0.10063	liquid
289.84	100.00	879.12	0.0011375	9.8074	10.308	48.234	40.954	110.28	508.02	0.053684	8.7639e-05	0.10043	liquid
290.01	100.00	877.98	0.0011390	9.8257	10.327	48.300	40.961	110.52	506.53	0.054220	8.7372e-05	0.10023	liquid
290.18	100.00	876.83	0.0011405	9.8441	10.346	48.365	40.969	110.75	505.03	0.054762	8.7105e-05	0.10003	liquid
290.36	100.00	875.68	0.0011420	9.8626	10.365	48.431	40.977	111.00	503.54	0.055309	8.6838e-05	0.099827	liquid
290.53	100.00	874.52	0.0011435	9.8811	10.384	48.497	40.985	111.24	502.04	0.055862	8.6572e-05	0.099625	liquid
290.70	100.00	873.36	0.0011450	9.8996	10.404	48.563	40.993	111.49	500.54	0.056421	8.6305e-05	0.099422	liquid
290.87	100.00	872.20	0.0011465	9.9182	10.423	48.629	41.002	111.74	499.03	0.056985	8.6039e-05	0.099220	liquid
291.05	100.00	871.02	0.0011481	9.9368	10.442	48.696	41.010	111.99	497.52	0.057555	8.5772e-05	0.099018	liquid
291.22	100.00	869.85	0.0011496	9.9554	10.461	48.762	41.019	112.25	496.01	0.058131	8.5506e-05	0.098815	liquid
291.39	100.00	868.67	0.0011512	9.9741	10.481	48.829	41.028	112.51	494.49	0.058713	8.5239e-05	0.098612	liquid
291.56	100.00	867.48	0.0011528	9.9928	10.500	48.895	41.038	112.78	492.98	0.059301	8.4973e-05	0.098409	liquid
291.74	100.00	866.29	0.0011543	10.012	10.520	48.962	41.047	113.04	491.45	0.059896	8.4707e-05	0.098206	liquid
291.91	100.00	865.09	0.0011559	10.030	10.539	49.029	41.057	113.31	489.93	0.060496	8.4441e-05	0.098002	liquid
292.08	100.00	863.89	0.0011576	10.049	10.559	49.096	41.067	113.59	488.40	0.061103	8.4175e-05	0.097798	liquid
292.25	100.00	862.68	0.0011592	10.068	10.578	49.163	41.077	113.87	486.87	0.061717	8.3909e-05	0.097595	liquid
292.42	100.00	861.47	0.0011608	10.087	10.598	49.230	41.087	114.15	485.34	0.062337	8.3643e-05	0.097391	liquid
292.60	100.00	860.26	0.0011624	10.106	10.618	49.297	41.098	114.44	483.80	0.062964	8.3377e-05	0.097186	liquid
292.77	100.00	859.03	0.0011641	10.125	10.637	49.365	41.109	114.73	482.26	0.063597	8.3111e-05	0.096982	liquid
292.94	100.00	857.80	0.0011658	10.144	10.657	49.432	41.120	115.02	480.71	0.064238	8.2845e-05	0.096777	liquid
293.11	100.00	856.57	0.0011674	10.163	10.677	49.500	41.131	115.32	479.16	0.064885	8.2579e-05	0.096573	liquid
293.29	100.00	855.33	0.0011691	10.182	10.697	49.568	41.143	115.62	477.61	0.065540	8.2313e-05	0.096368	liquid
293.46	100.00	854.08	0.0011708	10.202	10.717	49.636	41.155	115.93	476.05	0.066202	8.2047e-05	0.096162	liquid
293.63	100.00	852.83	0.0011726	10.221	10.737	49.704	41.167	116.24	474.50	0.066871	8.1780e-05	0.095957	liquid
293.80	100.00	851.57	0.0011743	10.240	10.757	49.772	41.179	116.55	472.93	0.067548	8.1514e-05	0.095751	liquid
293.98	100.00	850.31	0.0011760	10.259	10.777	49.841	41.192	116.87	471.37	0.068233	8.1248e-05	0.095546	liquid
294.15	100.00	849.04	0.0011778	10.279	10.797	49.909	41.204	117.19	469.80	0.068925	8.0982e-05	0.095339	liquid
294.32	100.00	847.77	0.0011796	10.298	10.817	49.978	41.217	117.52	468.23	0.069625	8.0716e-05	0.095133	liquid
294.49	100.00	846.48	0.0011814	10.318	10.838	50.047	41.231	117.86	466.65	0.070333	8.0449e-05	0.094927	liquid
294.67	100.00	845.19	0.0011832	10.337	10.858	50.116	41.244	118.19	465.07	0.071049	8.0183e-05	0.094720	liquid
294.84	100.00	843.90	0.0011850	10.357	10.878	50.185	41.258	118.54	463.48	0.071774	7.9916e-05	0.094513	liquid
295.01	100.00	842.60	0.0011868	10.377	10.899	50.255	41.272	118.88	461.90	0.072506	7.9650e-05	0.094306	liquid
295.18	100.00	841.29	0.0011886	10.396	10.919	50.324	41.286	119.24	460.31	0.073248	7.9383e-05	0.094098	liquid
295.35	100.00	839.98	0.0011905	10.416	10.940	50.394	41.301	119.60	458.71	0.073998	7.9116e-05	0.093891	liquid
295.53	100.00	838.65	0.0011924	10.436	10.961	50.464	41.315	119.96	457.11	0.074757	7.8849e-05	0.093683	liquid
295.70	100.00	837.33	0.0011943	10.456	10.981	50.534	41.330	120.33	455.51	0.075525	7.8582e-05	0.093475	liquid
295.87	100.00	835.99	0.0011962	10.476	11.002	50.604	41.346	120.70	453.90	0.076302	7.8314e-05	0.093266	liquid
296.04	100.00	834.65	0.0011981	10.496	11.023	50.675	41.361	121.08	452.29	0.077088	7.8047e-05	0.093057	liquid
296.22	100.00	833.30	0.0012001	10.516	11.044	50.745	41.377	121.47	450.68	0.077884	7.7779e-05	0.092849	liquid
296.39	100.00	831.94	0.0012020	10.536	11.065	50.816	41.393	121.86	449.06	0.078689	7.7511e-05	0.092639	liquid
296.56	100.00	830.58	0.0012040	10.556	11.086	50.887	41.409	122.25	447.44	0.079504	7.7243e-05	0.092430	liquid
296.73	100.00	829.21	0.0012060	10.576	11.107	50.958	41.426	122.66	445.82	0.080329	7.6975e-05	0.092220	liquid
296.91	100.00	827.83	0.0012080	10.597	11.128	51.029	41.443	123.07	444.19	0.081164	7.6706e-05	0.092010	liquid
297.08	100.00	826.44	0.0012100	10.617	11.149	51.101	41.460	123.48	442.56	0.082010	7.6438e-05	0.091800	liquid
297.25	100.00	825.04	0.0012121	10.637	11.171	51.173	41.477	123.90	440.92	0.082866	7.6169e-05	0.091590	liquid
297.42	100.00	823.64	0.0012141	10.658	11.192	51.245	41.495	124.33	439.28	0.083732	7.5899e-05	0.091379	liquid
297.59	100.00	822.23	0.0012162	10.678	11.214	51.317	41.513	124.77	437.64	0.084610	7.5630e-05	0.091168	liquid
297.77	100.00	820.81	0.0012183	10.699	11.235	51.389	41.531	125.21	435.99	0.085498	7.5360e-05	0.090957	liquid
297.94	100.00	819.38	0.0012204	10.720	11.257	51.462	41.550	125.66	434.34	0.086398	7.5090e-05	0.090745	liquid
298.11	100.00	817.95	0.0012226	10.740	11.278	51.534	41.568	126.11	432.68	0.087309	7.4820e-05	0.090533	liquid
298.28	100.00	816.50	0.0012247	10.761	11.300	51.607	41.588	126.58	431.02	0.088232	7.4549e-05	0.090321	liquid
298.46	100.00	815.05	0.0012269	10.782	11.322	51.681	41.607	127.05	429.36	0.089167	7.4278e-05	0.090109	liquid
298.63	100.00	813.58	0.0012291	10.803	11.344	51.754	41.627	127.52	427.69	0.090113	7.4007e-05	0.089896	liquid
298.80	100.00	812.11	0.0012314	10.824	11.366	51.828	41.646	128.01	426.02	0.091073	7.3735e-05	0.089683	liquid
298.97	100.00	810.63	0.0012336	10.845	11.388	51.902	41.667	128.50	424.34	0.092044	7.3463e-05	0.089469	liquid
299.15	100.00	809.14	0.0012359	10.866	11.410	51.976	41.687	129.01	422.66	0.093029	7.3190e-05	0.089256	liquid
299.32	100.00	807.64	0.0012382	10.888	11.433	52.050	41.708	129.51	420.98	0.094026	7.2918e-05	0.089042	liquid
299.49	100.00	806.13	0.0012405	10.909	11.455	52.125	41.729	130.03	419.29	0.095037	7.2644e-05	0.088828	liquid
299.66	100.00	804.61	0.0012428	10.930	11.477	52.200	41.751	130.56	417.60	0.096061	7.2371e-05	0.088613	liquid
299.84	100.00	803.09	0.0012452	10.952	11.500	52.275	41.772	131.10	415.90	0.097099	7.2097e-05	0.088399	liquid
300.01	100.00	801.55	0.0012476	10.974	11.523	52.351	41.795	131.64	414.20	0.098151	7.1822e-05	0.088183	liquid
300.18	100.00	800.00	0.0012500	10.995	11.545	52.427	41.817	132.19	412.50	0.099218	7.1547e-05	0.087968	liquid
300.35	100.00	798.44	0.0012524	11.017	11.568	52.503	41.840	132.76	410.79	0.10030	7.1272e-05	0.087752	liquid
300.52	100.00	796.87	0.0012549	11.039	11.591	52.579	41.863	133.33	409.08	0.10139	7.0996e-05	0.087536	liquid
300.70	100.00	795.29	0.0012574	11.061	11.614	52.656	41.886	133.91	407.36	0.10251	7.0720e-05	0.087320	liquid
300.87	100.00	793.69	0.0012599	11.083	11.637	52.732	41.910	134.51	405.64	0.10363	7.0443e-05	0.087104	liquid
301.04	100.00	792.09	0.0012625	11.105	11.660	52.810	41.934	135.11	403.91	0.10478	7.0165e-05	0.086887	liquid
301.21	100.00	790.48	0.0012651	11.127	11.684	52.887	41.959	135.73	402.18	0.10593	6.9887e-05	0.086669	liquid
301.39	100.00	788.85	0.0012677	11.149	11.707	52.965	41.984	136.35	400.45	0.10711	6.9609e-05	0.086452	liquid
301.56	100.00	787.21	0.0012703	11.172	11.731	53.043	42.009	136.99	398.71	0.10830	6.9330e-05	0.086234	liquid
301.73	100.00	785.56	0.0012730	11.194	11.754	53.122	42.034	137.64	396.97	0.10951	6.9050e-05	0.086016	liquid
301.90	100.00	783.90	0.0012757	11.217	11.778	53.200	42.061	138.30	395.22	0.11074	6.8769e-05	0.085798	liquid
302.08	100.00	782.23	0.0012784	11.240	11.802	53.279	42.087	138.97	393.47	0.11199	6.8488e-05	0.085579	liquid
302.25	100.00	780.54	0.0012812	11.262	11.826	53.359	42.114	139.66	391.71	0.11325	6.8207e-05	0.085360	liquid
302.42	100.00	778.84	0.0012840	11.285	11.850	53.439	42.141	140.36	389.95	0.11453	6.7924e-05	0.085141	liquid
302.59	100.00	777.13	0.0012868	11.308	11.875	53.519	42.169	141.07	388.18	0.11583	6.7641e-05	0.084922	liquid
302.77	100.00	775.40	0.0012897	11.331	11.899	53.599	42.197	141.80	386.41	0.11716	6.7358e-05	0.084702	liquid
302.94	100.00	773.66	0.0012926	11.355	11.923	53.680	42.226	142.54	384.64	0.11850	6.7073e-05	0.084482	liquid
303.11	100.00	771.90	0.0012955	11.378	11.948	53.762	42.255	143.30	382.86	0.11986	6.6788e-05	0.084262	liquid
303.28	100.00	770.14	0.0012985	11.401	11.973	53.843	42.284	144.07	381.07	0.12125	6.6502e-05	0.084041	liquid
303.45	100.00	768.35	0.0013015	11.425	11.998	53.925	42.314	144.86	379.29	0.12265	6.6215e-05	0.083821	liquid
303.63	100.00	766.56	0.0013045	11.449	12.023	54.008	42.345	145.67	377.49	0.12408	6.5928e-05	0.083600	liquid
303.80	100.00	764.74	0.0013076	11.472	12.048	54.091	42.376	146.49	375.69	0.12554	6.5639e-05	0.083378	liquid
303.97	100.00	762.92	0.0013108	11.496	12.073	54.174	42.408	147.33	373.89	0.12701	6.5350e-05	0.083157	liquid
304.14	100.00	761.07	0.0013139	11.520	12.099	54.258	42.440	148.19	372.08	0.12851	6.5060e-05	0.082935	supercritical
304.32	100.00	759.21	0.0013172	11.545	12.124	54.342	42.473	149.07	370.26	0.13004	6.4769e-05	0.082714	supercritical
304.49	100.00	757.34	0.0013204	11.569	12.150	54.427	42.506	149.97	368.44	0.13159	6.4477e-05	0.082492	supercritical
304.66	100.00	755.44	0.0013237	11.593	12.176	54.512	42.540	150.89	366.62	0.13316	6.4183e-05	0.082270	supercritical
304.83	100.00	753.53	0.0013271	11.618	12.202	54.597	42.575	151.83	364.79	0.13477	6.3889e-05	0.082047	supercritical
305.01	100.00	751.61	0.0013305	11.643	12.228	54.683	42.610	152.79	362.95	0.13640	6.3594e-05	0.081825	supercritical
305.18	100.00	749.66	0.0013339	11.668	12.255	54.770	42.646	153.78	361.11	0.13806	6.3298e-05	0.081602	supercritical
305.35	100.00	747.70	0.0013374	11.693	12.281	54.857	42.683	154.79	359.26	0.13974	6.3001e-05	0.081380	supercritical
305.52	100.00	745.72	0.0013410	11.718	12.308	54.945	42.720	155.83	357.41	0.14146	6.2703e-05	0.081157	supercritical
305.70	100.00	743.71	0.0013446	11.743	12.335	55.033	42.758	156.89	355.55	0.14321	6.2403e-05	0.080934	supercritical
305.87	100.00	741.69	0.0013483	11.769	12.362	55.122	42.797	157.98	353.68	0.14499	6.2102e-05	0.080712	supercritical
306.04	100.00	739.65	0.0013520	11.795	12.390	55.211	42.836	159.10	351.81	0.14681	6.1800e-05	0.080489	supercritical
306.21	100.00	737.59	0.0013558	11.820	12.417	55.301	42.877	160.24	349.93	0.14866	6.1497e-05	0.080266	supercritical
306.38	100.00	735.51	0.0013596	11.846	12.445	55.391	42.918	161.42	348.05	0.15054	6.1192e-05	0.080043	supercritical
306.56	100.00	733.40	0.0013635	11.873	12.473	55.483	42.960	162.63	346.16	0.15246	6.0886e-05	0.079821	supercritical
306.73	100.00	731.27	0.0013675	11.899	12.501	55.574	43.002	163.87	344.26	0.15441	6.0579e-05	0.079598	supercritical
306.90	100.00	729.12	0.0013715	11.926	12.529	55.667	43.046	165.15	342.36	0.15640	6.0270e-05	0.079376	supercritical
307.07	100.00	726.95	0.0013756	11.952	12.558	55.760	43.090	166.46	340.45	0.15843	5.9960e-05	0.079154	supercritical
307.25	100.00	724.75	0.0013798	11.979	12.587	55.854	43.136	167.81	338.54	0.16050	5.9648e-05	0.078932	supercritical
307.42	100.00	722.53	0.0013840	12.007	12.616	55.948	43.182	169.19	336.61	0.16262	5.9335e-05	0.078710	supercritical
307.59	100.00	720.28	0.0013883	12.034	12.645	56.043	43.229	170.62	334.68	0.16477	5.9020e-05	0.078489	supercritical
307.76	100.00	718.01	0.0013927	12.061	12.674	56.139	43.277	172.09	332.75	0.16697	5.8703e-05	0.078267	supercritical
307.94	100.00	715.71	0.0013972	12.089	12.704	56.236	43.326	173.60	330.81	0.16921	5.8385e-05	0.078047	supercritical
308.11	100.00	713.38	0.0014018	12.117	12.734	56.334	43.376	175.15	328.86	0.17150	5.8065e-05	0.077826	supercritical
308.28	100.00	711.02	0.0014064	12.146	12.765	56.432	43.427	176.76	326.90	0.17384	5.7743e-05	0.077607	supercritical
308.45	100.00	708.64	0.0014112	12.174	12.795	56.531	43.479	178.41	324.94	0.17622	5.7419e-05	0.077387	supercritical
308.63	100.00	706.22	0.0014160	12.203	12.826	56.631	43.532	180.11	322.97	0.17866	5.7093e-05	0.077169	supercritical
308.80	100.00	703.78	0.0014209	12.232	12.857	56.732	43.586	181.86	320.99	0.18114	5.6765e-05	0.076951	supercritical
308.97	100.00	701.30	0.0014259	12.261	12.889	56.834	43.641	183.66	319.01	0.18368	5.6435e-05	0.076733	supercritical
309.14	100.00	698.79	0.0014310	12.291	12.921	56.937	43.698	185.52	317.02	0.18628	5.6103e-05	0.076517	supercritical
309.31	100.00	696.24	0.0014363	12.321	12.953	57.041	43.755	187.44	315.03	0.18893	5.5769e-05	0.076301	supercritical
309.49	100.00	693.67	0.0014416	12.351	12.985	57.146	43.813	189.42	313.03	0.19164	5.5433e-05	0.076086	supercritical
309.66	100.00	691.05	0.0014471	12.381	13.018	57.252	43.872	191.45	311.02	0.19440	5.5094e-05	0.075872	supercritical
309.83	100.00	688.40	0.0014526	12.412	13.051	57.359	43.933	193.55	309.01	0.19723	5.4753e-05	0.075660	supercritical
310.00	100.00	685.71	0.0014583	12.443	13.085	57.468	43.994	195.72	307.00	0.20012	5.4410e-05	0.075448	supercritical
310.18	100.00	682.98	0.0014642	12.474	13.119	57.577	44.057	197.95	304.97	0.20308	5.4064e-05	0.075237	supercritical
310.35	100.00	680.22	0.0014701	12.506	13.153	57.688	44.121	200.25	302.95	0.20610	5.3715e-05	0.075028	supercritical
310.52	100.00	677.41	0.0014762	12.538	13.188	57.799	44.185	202.63	300.92	0.20919	5.3364e-05	0.074820	supercritical
310.69	100.00	674.56	0.0014824	12.570	13.223	57.912	44.251	205.07	298.88	0.21234	5.3010e-05	0.074614	supercritical
310.87	100.00	671.67	0.0014888	12.603	13.258	58.027	44.318	207.59	296.85	0.21557	5.2654e-05	0.074409	supercritical
311.04	100.00	668.73	0.0014954	12.636	13.294	58.143	44.386	210.19	294.81	0.21888	5.2295e-05	0.074205	supercritical
311.21	100.00	665.74	0.0015021	12.670	13.331	58.260	44.455	212.87	292.77	0.22225	5.1933e-05	0.074003	supercritical
311.38	100.00	662.71	0.0015089	12.704	13.368	58.378	44.525	215.63	290.72	0.22571	5.1568e-05	0.073803	supercritical
311.56	100.00	659.63	0.0015160	12.738	13.405	58.499	44.595	218.47	288.68	0.22924	5.1200e-05	0.073605	supercritical
311.73	100.00	656.50	0.0015232	12.773	13.443	58.620	44.667	221.40	286.64	0.23285	5.0829e-05	0.073409	supercritical
311.90	100.00	653.32	0.0015306	12.808	13.481	58.743	44.740	224.41	284.59	0.23654	5.0456e-05	0.073214	supercritical
312.07	100.00	650.09	0.0015382	12.843	13.520	58.868	44.814	227.51	282.55	0.24032	5.0079e-05	0.073022	supercritical
312.24	100.00	646.81	0.0015461	12.880	13.560	58.995	44.888	230.70	280.51	0.24419	4.9699e-05	0.072831	supercritical
312.42	100.00	643.47	0.0015541	12.916	13.600	59.123	44.963	233.98	278.48	0.24814	4.9316e-05	0.072643	supercritical
312.59	100.00	640.07	0.0015623	12.953	13.641	59.253	45.039	237.35	276.45	0.25218	4.8930e-05	0.072457	supercritical
312.76	100.00	636.62	0.0015708	12.990	13.682	59.385	45.116	240.82	274.42	0.25631	4.8541e-05	0.072273	supercritical
312.93	100.00	633.10	0.0015795	13.028	13.724	59.518	45.194	244.38	272.41	0.26053	4.8148e-05	0.072091	supercritical
313.11	100.00	629.53	0.0015885	13.067	13.766	59.654	45.272	248.04	270.40	0.26485	4.7753e-05	0.071912	supercritical
313.28	100.00	625.90	0.0015977	13.106	13.809	59.791	45.351	251.79	268.40	0.26926	4.7354e-05	0.071735	supercritical
313.45	100.00	622.20	0.0016072	13.146	13.853	59.931	45.431	255.64	266.42	0.27377	4.6952e-05	0.071560	supercritical
313.62	100.00	618.44	0.0016170	13.186	13.897	60.073	45.511	259.59	264.45	0.27838	4.6548e-05	0.071388	supercritical
313.80	100.00	614.62	0.0016270	13.226	13.942	60.216	45.592	263.64	262.49	0.28309	4.6140e-05	0.071218	supercritical
313.97	100.00	610.73	0.0016374	13.267	13.988	60.362	45.673	267.80	260.55	0.28789	4.5729e-05	0.071050	supercritical
314.14	100.00	606.77	0.0016481	13.309	14.035	60.510	45.754	272.05	258.63	0.29280	4.5315e-05	0.070884	supercritical
314.31	100.00	602.75	0.0016591	13.352	14.082	60.661	45.835	276.40	256.74	0.29782	4.4898e-05	0.070721	supercritical
314.48	100.00	598.66	0.0016704	13.395	14.130	60.813	45.915	280.86	254.86	0.30294	4.4479e-05	0.070560	supercritical
314.66	100.00	594.50	0.0016821	13.438	14.179	60.969	45.995	285.40	253.01	0.30817	4.4057e-05	0.070401	supercritical
314.83	100.00	590.27	0.0016941	13.483	14.228	61.126	46.074	290.04	251.19	0.31350	4.3632e-05	0.070244	supercritical
315.00	100.00	585.97	0.0017066	13.528	14.279	61.286	46.152	294.75	249.40	0.31894	4.3205e-05	0.070088	supercritical
315.17	100.00	581.61	0.0017194	13.573	14.330	61.449	46.228	299.53	247.63	0.32449	4.2776e-05	0.069932	supercritical
315.35	100.00	577.17	0.0017326	13.619	14.382	61.614	46.302	304.35	245.90	0.33014	4.2345e-05	0.069776	supercritical
315.52	100.00	572.66	0.0017462	13.666	14.435	61.781	46.373	309.18	244.21	0.33589	4.1912e-05	0.069620	supercritical
315.69	100.00	568.09	0.0017603	13.714	14.488	61.951	46.441	313.99	242.56	0.34174	4.1477e-05	0.069460	supercritical
315.86	100.00	563.45	0.0017748	13.762	14.543	62.124	46.506	318.75	240.94	0.34768	4.1042e-05	0.069297	supercritical
316.04	100.00	558.75	0.0017897	13.811	14.598	62.299	46.567	323.41	239.38	0.35370	4.0606e-05	0.069128	supercritical
316.21	100.00	553.99	0.0018051	13.860	14.654	62.477	46.623	327.92	237.85	0.35979	4.0169e-05	0.068952	supercritical
316.38	100.00	549.18	0.0018209	13.910	14.711	62.657	46.674	332.24	236.38	0.36595	3.9733e-05	0.068768	supercritical
316.55	100.00	544.32	0.0018372	13.960	14.769	62.839	46.721	336.30	234.96	0.37215	3.9298e-05	0.068573	supercritical
316.73	100.00	539.41	0.0018539	14.011	14.827	63.023	46.762	340.07	233.60	0.37840	3.8865e-05	0.068366	supercritical
316.90	100.00	534.47	0.0018710	14.063	14.886	63.209	46.798	343.50	232.30	0.38467	3.8434e-05	0.068146	supercritical
317.07	100.00	529.51	0.0018886	14.115	14.946	63.396	46.829	346.54	231.06	0.39095	3.8006e-05	0.067912	supercritical
317.24	100.00	524.52	0.0019065	14.167	15.006	63.585	46.853	349.18	229.88	0.39724	3.7581e-05	0.067663	supercritical
317.41	100.00	519.52	0.0019249	14.219	15.066	63.776	46.872	351.38	228.76	0.40351	3.7162e-05	0.067398	supercritical
317.59	100.00	514.51	0.0019436	14.271	15.127	63.967	46.886	353.13	227.72	0.40975	3.6747e-05	0.067119	supercritical
317.76	100.00	509.52	0.0019626	14.324	15.188	64.159	46.894	354.42	226.73	0.41596	3.6338e-05	0.066823	supercritical
317.93	100.00	504.53	0.0019820	14.377	15.249	64.351	46.896	355.25	225.81	0.42212	3.5936e-05	0.066513	supercritical
318.10	100.00	499.57	0.0020017	14.429	15.310	64.544	46.893	355.63	224.96	0.42823	3.5541e-05	0.066189	supercritical
318.28	100.00	494.63	0.0020217	14.482	15.371	64.737	46.884	355.57	224.17	0.43427	3.5153e-05	0.065851	supercritical
318.45	100.00	489.74	0.0020419	14.534	15.433	64.929	46.871	355.07	223.44	0.44025	3.4773e-05	0.065500	supercritical
318.62	100.00	484.89	0.0020623	14.586	15.494	65.121	46.852	354.16	222.77	0.44615	3.4402e-05	0.065137	supercritical
318.79	100.00	480.08	0.0020830	14.638	15.555	65.312	46.829	352.86	222.16	0.45196	3.4039e-05	0.064762	supercritical
318.97	100.00	475.34	0.0021038	14.690	15.615	65.502	46.801	351.19	221.60	0.45769	3.3686e-05	0.064378	supercritical
319.14	100.00	470.65	0.0021247	14.741	15.676	65.691	46.769	349.18	221.09	0.46333	3.3341e-05	0.063984	supercritical
319.31	100.00	466.04	0.0021458	14.791	15.736	65.879	46.732	346.94	220.62	0.46890	3.3006e-05	0.063585	supercritical
319.48	100.00	461.48	0.0021669	14.842	15.795	66.066	46.691	344.51	220.19	0.47442	3.2680e-05	0.063184	supercritical
319.66	100.00	457.01	0.0021882	14.891	15.854	66.251	46.647	341.75	219.80	0.47984	3.2363e-05	0.062773	supercritical
319.83	100.00	452.60	0.0022094	14.941	15.913	66.434	46.599	338.65	219.45	0.48514	3.2056e-05	0.062353	supercritical
320.00	100.00	448.28	0.0022308	14.989	15.971	66.616	46.548	335.24	219.14	0.49031	3.1758e-05	0.061924	supercritical
